SWIT-ML_ADC_DetErrorParamConfigDetOn,"T2MC-11143,T2MC-14817,T2MC-17571,T2MC-16984,T2MC-11349,T2MC-16979，T2MC-11315,T2MC-16841,T2MC-16901"
SWIT-ML_ADC_AdcInitNormalTest,"T2MC-11132,T2MC-11133,T2MC-11135,T2MC-11141,T2MC-11142,T2MC-11080,T2MC-11099,T2MC-11105,T2MC-26849,T2MC-19229,T2MC-14828,T2MC-29139,T2MC-14843,T2MC-14842,T2MC-14838,T2MC-14827,T2MC-11121,T2MC-11065,T2MC-11018,T2MC-16841,T2MC-16901,T2MC-16914,T2MC-16922,T2MC-17572,T2MC-16985,T2MC-11397,T2MC-17002,T2MC-11344,T2MC-11366,T2MC-16926,T2MC-17570,T2MC-17003,T2MC-16977"
SWIT-ML_ADC_DetErrorAlreadyInitializedDetOn,"T2MC-11145,T2MC-14817,T2MC-17571,T2MC-16984,T2MC-11349,T2MC-16979，T2MC-11315,T2MC-16841,T2MC-16901"
SWIT-ML_ADC_DetErrorParamConfigDetOff,"T2MC-11143,T2MC-14816,T2MC-14817,T2MC-17571,T2MC-16984,T2MC-11349,T2MC-16979,T2MC-16841,T2MC-16901"
SWIT-ML_ADC_DetErrorAlreadyInitializedDetOff,"T2MC-11145,T2MC-14816,T2MC-14817,T2MC-17571,T2MC-16984,T2MC-11349,T2MC-16979,T2MC-16841,T2MC-16901"
SWIT-ML_ADC_Mode01NormalTest,"T2MC-11156,T2MC-11157,T2MC-11158,T2MC-26849,T2MC-19229,T2MC-11397,T2MC-17002,T2MC-17572,T2MC-16985,T2MC-11160,T2MC-11348,T2MC-16978,T2MC-14828,T2MC-29139,T2MC-16914,T2MC-16922,T2MC-14837,T2MC-16828,T2MC-16896,T2MC-11347,T2MC-16986,T2MC-16924"
SWIT-ML_ADC_Mode01DetErrorBusyDetOn,"T2MC-11161,T2MC-14817,T2MC-17571,T2MC-16984,T2MC-11349,T2MC-16979,T2MC-14837，T2MC-11315,T2MC-16828,T2MC-16896"
SWIT-ML_ADC_Mode01NormalTest,"T2MC-11156,T2MC-11157,T2MC-11158,T2MC-26849,T2MC-19229,T2MC-11397,T2MC-17002,T2MC-17572,T2MC-16985,T2MC-11160,T2MC-11348,T2MC-16978,T2MC-14828,T2MC-29139,T2MC-16914,T2MC-16922,T2MC-14837"
SWIT-ML_ADC_Mode02NormalTest,"T2MC-11156,T2MC-11157,T2MC-11158,T2MC-26849,T2MC-19229,T2MC-11397,T2MC-17002,T2MC-17572,T2MC-16985,T2MC-11160,T2MC-11348,T2MC-16978,T2MC-14828,T2MC-29139,T2MC-16914,T2MC-16922,T2MC-26850,T2MC-14837,T2MC-16828,T2MC-16896"
SWIT-ML_ADC_Mode02DetErrorBusyDetOn,"T2MC-11161,T2MC-34052,T2MC-14817,T2MC-17571,T2MC-16984,T2MC-11349,T2MC-16979,T2MC-14837，T2MC-11315,T2MC-16828,T2MC-16896"
SWIT-ML_ADC_Mode02NormalTest,"T2MC-11156,T2MC-11157,T2MC-11158,T2MC-26849,T2MC-19229,T2MC-11397,T2MC-17002,T2MC-17572,T2MC-16985,T2MC-11160,T2MC-11348,T2MC-16978,T2MC-14828,T2MC-29139,T2MC-16914,T2MC-16922,T2MC-26850,T2MC-14837,T2MC-16828,T2MC-16896"
SWIT-ML_ADC_Mode02DetErrorBusyDetOn,"T2MC-11161,T2MC-34052,T2MC-14817,T2MC-17571,T2MC-16984,T2MC-11349,T2MC-16979,T2MC-14837，T2MC-11315,T2MC-16828,T2MC-16896"
SWIT-ML_ADC_Mode03NormalTest,"T2MC-11156,T2MC-11157,T2MC-11158,T2MC-26849,T2MC-19229,T2MC-11397,T2MC-17002,T2MC-17572,T2MC-16985,T2MC-11160,T2MC-11348,T2MC-16978,T2MC-14828,T2MC-29139,T2MC-16914,T2MC-16922,T2MC-14837,T2MC-16828,T2MC-16896"
SWIT-ML_ADC_Mode03DetErrorBusyDetOn,"T2MC-11161,T2MC-14817,T2MC-17571,T2MC-16984,T2MC-11349,T2MC-16979,T2MC-14837，T2MC-11315,T2MC-16828,T2MC-16896"
SWIT-ML_ADC_Mode03NormalTest,"T2MC-11156,T2MC-11157,T2MC-11158,T2MC-26849,T2MC-19229,T2MC-11397,T2MC-17002,T2MC-17572,T2MC-16985,T2MC-11160,T2MC-11348,T2MC-16978,T2MC-14828,T2MC-29139,T2MC-16914,T2MC-16922,T2MC-14837"
SWIT-ML_ADC_Mode04NormalTest,"T2MC-11156,T2MC-11157,T2MC-11158,T2MC-26849,T2MC-19229,T2MC-11397,T2MC-17002,T2MC-17572,T2MC-16985,T2MC-11160,T2MC-11348,T2MC-16978,T2MC-14828,T2MC-29139,T2MC-16914,T2MC-16922,T2MC-26850,T2MC-14837,T2MC-16828,T2MC-16896"
SWIT-ML_ADC_Mode04DetErrorBusyDetOn,"T2MC-11161,T2MC-34052,T2MC-14817,T2MC-17571,T2MC-16984,T2MC-11349,T2MC-16979,T2MC-14837，T2MC-11315,T2MC-16828,T2MC-16896"
SWIT-ML_ADC_Mode04NormalTest,"T2MC-11156,T2MC-11157,T2MC-11158,T2MC-26849,T2MC-19229,T2MC-11397,T2MC-17002,T2MC-17572,T2MC-16985,T2MC-11160,T2MC-11348,T2MC-16978,T2MC-14828,T2MC-29139,T2MC-16914,T2MC-16922,T2MC-26850,T2MC-14837,T2MC-16828,T2MC-16896"
SWIT-ML_ADC_Mode04DetErrorBusyDetOn,"T2MC-11161,T2MC-34052,T2MC-14817,T2MC-17571,T2MC-16984,T2MC-11349,T2MC-16979,T2MC-14837，T2MC-11315,T2MC-16828,T2MC-16896"
SWIT-ML_ADC_Mode05NormalTest,"T2MC-11156,T2MC-11157,T2MC-11158,T2MC-26849,T2MC-19229,T2MC-11397,T2MC-17002,T2MC-17572,T2MC-16985,T2MC-11160,T2MC-11348,T2MC-16978,T2MC-14828,T2MC-29139,T2MC-16914,T2MC-16922,T2MC-14837,T2MC-16828,T2MC-16896"
SWIT-ML_ADC_Mode05DetErrorBusyDetOn,"T2MC-11161,T2MC-14817,T2MC-17571,T2MC-16984,T2MC-11349,T2MC-16979,T2MC-14837，T2MC-11315,T2MC-16828,T2MC-16896"
SWIT-ML_ADC_Mode05NormalTest,"T2MC-11156,T2MC-11157,T2MC-11158,T2MC-26849,T2MC-19229,T2MC-11397,T2MC-17002,T2MC-17572,T2MC-16985,T2MC-11160,T2MC-11348,T2MC-16978,T2MC-14828,T2MC-29139,T2MC-16914,T2MC-16922,T2MC-14837"
SWIT-ML_ADC_Mode06NormalTest,"T2MC-11156,T2MC-11157,T2MC-11158,T2MC-26849,T2MC-19229,T2MC-11397,T2MC-17002,T2MC-17572,T2MC-16985,T2MC-11160,T2MC-11348,T2MC-16978,T2MC-14828,T2MC-29139,T2MC-16914,T2MC-16922,T2MC-26850,T2MC-14837,T2MC-16828,T2MC-16896"
SWIT-ML_ADC_Mode06DetErrorBusyDetOn,"T2MC-11161,T2MC-34052,T2MC-14817,T2MC-17571,T2MC-16984,T2MC-11349,T2MC-16979,T2MC-14837，T2MC-11315,T2MC-16828,T2MC-16896"
SWIT-ML_ADC_Mode06NormalTest,"T2MC-11156,T2MC-11157,T2MC-11158,T2MC-26849,T2MC-19229,T2MC-11397,T2MC-17002,T2MC-17572,T2MC-16985,T2MC-11160,T2MC-11348,T2MC-16978,T2MC-14828,T2MC-29139,T2MC-16914,T2MC-16922,T2MC-26850,T2MC-14837,T2MC-16828,T2MC-16896"
SWIT-ML_ADC_Mode06DetErrorBusyDetOn,"T2MC-11161,T2MC-34052,T2MC-14817,T2MC-17571,T2MC-16984,T2MC-11349,T2MC-16979,T2MC-14837，T2MC-11315,T2MC-16828,T2MC-16896"
SWIT-ML_ADC_Mode07NormalTest,"T2MC-11156,T2MC-11157,T2MC-11158,T2MC-26849,T2MC-19229,T2MC-11397,T2MC-17002,T2MC-17572,T2MC-16985,T2MC-11160,T2MC-11348,T2MC-16978,T2MC-14828,T2MC-29139,T2MC-16914,T2MC-16922,T2MC-14837,T2MC-16828,T2MC-16896"
SWIT-ML_ADC_Mode07DetErrorBusyDetOn,"T2MC-11161,T2MC-14817,T2MC-17571,T2MC-16984,T2MC-11349,T2MC-16979,T2MC-14837，T2MC-11315,T2MC-16828,T2MC-16896"
SWIT-ML_ADC_Mode07NormalTest,"T2MC-11156,T2MC-11157,T2MC-11158,T2MC-26849,T2MC-19229,T2MC-11397,T2MC-17002,T2MC-17572,T2MC-16985,T2MC-11160,T2MC-11348,T2MC-16978,T2MC-14828,T2MC-29139,T2MC-16914,T2MC-16922,T2MC-14837"
SWIT-ML_ADC_Mode08NormalTest,"T2MC-11156,T2MC-11157,T2MC-11158,T2MC-26849,T2MC-19229,T2MC-11397,T2MC-17002,T2MC-17572,T2MC-16985,T2MC-11160,T2MC-11348,T2MC-16978,T2MC-14828,T2MC-29139,T2MC-16914,T2MC-16922,T2MC-26850,T2MC-14837,T2MC-16828,T2MC-16896"
SWIT-ML_ADC_Mode08DetErrorBusyDetOn,"T2MC-11161,T2MC-34052,T2MC-14817,T2MC-17571,T2MC-16984,T2MC-11349,T2MC-16979,T2MC-14837，T2MC-11315,T2MC-16828,T2MC-16896"
SWIT-ML_ADC_Mode08NormalTest,"T2MC-11156,T2MC-11157,T2MC-11158,T2MC-26849,T2MC-19229,T2MC-11397,T2MC-17002,T2MC-17572,T2MC-16985,T2MC-11160,T2MC-11348,T2MC-16978,T2MC-14828,T2MC-29139,T2MC-16914,T2MC-16922,T2MC-26850,T2MC-14837,T2MC-16828,T2MC-16896"
SWIT-ML_ADC_Mode08DetErrorBusyDetOn,"T2MC-11161,T2MC-34052,T2MC-14817,T2MC-17571,T2MC-16984,T2MC-11349,T2MC-16979,T2MC-14837，T2MC-11315,T2MC-16828,T2MC-16896"
SWIT-ML_ADC_Mode09NormalTest,"T2MC-11156,T2MC-11157,T2MC-11158,T2MC-26849,T2MC-19229,T2MC-11397,T2MC-17002,T2MC-17572,T2MC-16985,T2MC-11160,T2MC-11348,T2MC-16978,T2MC-14828,T2MC-29139,T2MC-16914,T2MC-16922,T2MC-14837,T2MC-16828,T2MC-16896"
SWIT-ML_ADC_Mode09DetErrorBusyDetOn,"T2MC-11161,T2MC-14817,T2MC-17571,T2MC-16984,T2MC-11349,T2MC-16979,T2MC-14837，T2MC-11315,T2MC-16828,T2MC-16896"
SWIT-ML_ADC_Mode09DetErrorBusyDetOn,"T2MC-11161,T2MC-14817,T2MC-17571,T2MC-16984,T2MC-11349,T2MC-16979,T2MC-14837，T2MC-11315"
SWIT-ML_ADC_Mode10NormalTest,"T2MC-11156,T2MC-11157,T2MC-11158,T2MC-26849,T2MC-19229,T2MC-11397,T2MC-17002,T2MC-17572,T2MC-16985,T2MC-11160,T2MC-11348,T2MC-16978,T2MC-14828,T2MC-29139,T2MC-16914,T2MC-16922,T2MC-26850,T2MC-14837,T2MC-16828,T2MC-16896"
SWIT-ML_ADC_Mode10DetErrorBusyDetOn,"T2MC-11161,T2MC-34052,T2MC-14817,T2MC-17571,T2MC-16984,T2MC-11349,T2MC-16979,T2MC-14837，T2MC-11315,T2MC-16828,T2MC-16896"
SWIT-ML_ADC_Mode10DetErrorBusyDetOn,"T2MC-11161,T2MC-34052,T2MC-14817,T2MC-17571,T2MC-16984,T2MC-11349,T2MC-16979,T2MC-14837，T2MC-11315,T2MC-16828,T2MC-16896"
SWIT-ML_ADC_Mode10DetErrorBusyDetOn,"T2MC-11161,T2MC-34052,T2MC-14817,T2MC-17571,T2MC-16984,T2MC-11349,T2MC-16979,T2MC-14837，T2MC-11315,T2MC-16828,T2MC-16896"
SWIT-ML_ADC_Mode11NormalTest,"T2MC-11156,T2MC-11157,T2MC-11158,T2MC-26849,T2MC-19229,T2MC-11397,T2MC-17002,T2MC-17572,T2MC-16985,T2MC-11160,T2MC-11348,T2MC-16978,T2MC-14828,T2MC-29139,T2MC-16914,T2MC-16922,T2MC-14837,T2MC-16828,T2MC-16896"
SWIT-ML_ADC_Mode11DetErrorBusyDetOn,"T2MC-11161,T2MC-14817,T2MC-17571,T2MC-16984,T2MC-11349,T2MC-16979,T2MC-14837，T2MC-11315,T2MC-16828,T2MC-16896"
SWIT-ML_ADC_Mode11DetErrorBusyDetOn,"T2MC-11161,T2MC-14817,T2MC-17571,T2MC-16984,T2MC-11349,T2MC-16979,T2MC-14837，T2MC-11315"
SWIT-ML_ADC_Mode12NormalTest,"T2MC-11156,T2MC-11157,T2MC-11158,T2MC-26849,T2MC-19229,T2MC-11397,T2MC-17002,T2MC-17572,T2MC-16985,T2MC-11160,T2MC-11348,T2MC-16978,T2MC-14828,T2MC-29139,T2MC-16914,T2MC-16922,T2MC-26850,T2MC-14837,T2MC-16828,T2MC-16896"
SWIT-ML_ADC_Mode12DetErrorBusyDetOn,"T2MC-11161,T2MC-34052,T2MC-14817,T2MC-17571,T2MC-16984,T2MC-11349,T2MC-16979,T2MC-14837，T2MC-11315,T2MC-16828,T2MC-16896"
SWIT-ML_ADC_Mode12DetErrorBusyDetOn,"T2MC-11161,T2MC-34052,T2MC-14817,T2MC-17571,T2MC-16984,T2MC-11349,T2MC-16979,T2MC-14837，T2MC-11315,T2MC-16828,T2MC-16896"
SWIT-ML_ADC_Mode12DetErrorBusyDetOn,"T2MC-11161,T2MC-34052,T2MC-14817,T2MC-17571,T2MC-16984,T2MC-11349,T2MC-16979,T2MC-14837，T2MC-11315,T2MC-16828,T2MC-16896"
SWIT-ML_ADC_Mode13NormalTest,"T2MC-11156,T2MC-11157,T2MC-11158,T2MC-26849,T2MC-19229,T2MC-11397,T2MC-17002,T2MC-17572,T2MC-16985,T2MC-11160,T2MC-11348,T2MC-16978,T2MC-14828,T2MC-29139,T2MC-16914,T2MC-16922,T2MC-14837,T2MC-16828,T2MC-16896"
SWIT-ML_ADC_Mode13DetErrorBusyDetOn,"T2MC-11161,T2MC-14817,T2MC-17571,T2MC-16984,T2MC-11349,T2MC-16979,T2MC-14837，T2MC-11315,T2MC-16828,T2MC-16896"
SWIT-ML_ADC_Mode13DetErrorBusyDetOn,"T2MC-11161,T2MC-14817,T2MC-17571,T2MC-16984,T2MC-11349,T2MC-16979,T2MC-14837，T2MC-11315"
SWIT-ML_ADC_Mode14NormalTest,"T2MC-11156,T2MC-11157,T2MC-11158,T2MC-26849,T2MC-19229,T2MC-11397,T2MC-17002,T2MC-17572,T2MC-16985,T2MC-11160,T2MC-11348,T2MC-16978,T2MC-14828,T2MC-29139,T2MC-16914,T2MC-16922,T2MC-26850,T2MC-14837,T2MC-16828,T2MC-16896"
SWIT-ML_ADC_Mode14DetErrorBusyDetOn,"T2MC-11161,T2MC-34052,T2MC-14817,T2MC-17571,T2MC-16984,T2MC-11349,T2MC-16979,T2MC-14837，T2MC-11315,T2MC-16828,T2MC-16896"
SWIT-ML_ADC_Mode14DetErrorBusyDetOn,"T2MC-11161,T2MC-34052,T2MC-14817,T2MC-17571,T2MC-16984,T2MC-11349,T2MC-16979,T2MC-14837，T2MC-11315,T2MC-16828,T2MC-16896"
SWIT-ML_ADC_Mode14DetErrorBusyDetOn,"T2MC-11161,T2MC-34052,T2MC-14817,T2MC-17571,T2MC-16984,T2MC-11349,T2MC-16979,T2MC-14837，T2MC-11315,T2MC-16828,T2MC-16896"
SWIT-ML_ADC_Mode15NormalTest,"T2MC-11156,T2MC-11157,T2MC-11158,T2MC-26849,T2MC-19229,T2MC-11397,T2MC-17002,T2MC-17572,T2MC-16985,T2MC-11160,T2MC-11348,T2MC-16978,T2MC-14828,T2MC-29139,T2MC-16914,T2MC-16922,T2MC-14837,T2MC-16828,T2MC-16896"
SWIT-ML_ADC_Mode15DetErrorBusyDetOn,"T2MC-11161,T2MC-14817,T2MC-17571,T2MC-16984,T2MC-11349,T2MC-16979,T2MC-14837，T2MC-11315,T2MC-16828,T2MC-16896"
SWIT-ML_ADC_Mode15DetErrorBusyDetOn,"T2MC-11161,T2MC-14817,T2MC-17571,T2MC-16984,T2MC-11349,T2MC-16979,T2MC-14837，T2MC-11315"
SWIT-ML_ADC_Mode16NormalTest,"T2MC-11156,T2MC-11157,T2MC-11158,T2MC-26849,T2MC-19229,T2MC-11397,T2MC-17002,T2MC-17572,T2MC-16985,T2MC-11160,T2MC-11348,T2MC-16978,T2MC-14828,T2MC-29139,T2MC-16914,T2MC-16922,T2MC-26850,T2MC-14837,T2MC-16828,T2MC-16896"
SWIT-ML_ADC_Mode16DetErrorBusyDetOn,"T2MC-11161,T2MC-34052,T2MC-14817,T2MC-17571,T2MC-16984,T2MC-11349,T2MC-16979,T2MC-14837，T2MC-11315,T2MC-16828,T2MC-16896"
SWIT-ML_ADC_Mode16DetErrorBusyDetOn,"T2MC-11161,T2MC-34052,T2MC-14817,T2MC-17571,T2MC-16984,T2MC-11349,T2MC-16979,T2MC-14837，T2MC-11315,T2MC-16828,T2MC-16896"
SWIT-ML_ADC_Mode16DetErrorBusyDetOn,"T2MC-11161,T2MC-34052,T2MC-14817,T2MC-17571,T2MC-16984,T2MC-11349,T2MC-16979,T2MC-14837，T2MC-11315,T2MC-16828,T2MC-16896"
SWIT-ML_ADC_Mode17NormalTest,"T2MC-11156,T2MC-11157,T2MC-11158,T2MC-26849,T2MC-19229,T2MC-11397,T2MC-17002,T2MC-17572,T2MC-16985,T2MC-11160,T2MC-11348,T2MC-16978,T2MC-14828,T2MC-29139,T2MC-16914,T2MC-16922,T2MC-14837,T2MC-16828,T2MC-16896"
SWIT-ML_ADC_Mode17DetErrorBusyDetOn,"T2MC-11161,T2MC-14817,T2MC-17571,T2MC-16984,T2MC-11349,T2MC-16979,T2MC-14837，T2MC-11315,T2MC-16828,T2MC-16896"
SWIT-ML_ADC_Mode17DetErrorBusyDetOn,"T2MC-11161,T2MC-14817,T2MC-17571,T2MC-16984,T2MC-11349,T2MC-16979,T2MC-14837，T2MC-11315,T2MC-16828,T2MC-16896"
SWIT-ML_ADC_Mode17NormalTest,"T2MC-11156,T2MC-11157,T2MC-11158,T2MC-26849,T2MC-19229,T2MC-11397,T2MC-17002,T2MC-17572,T2MC-16985,T2MC-11160,T2MC-11348,T2MC-16978,T2MC-14828,T2MC-29139,T2MC-16914,T2MC-16922,T2MC-14837"
SWIT-ML_ADC_Mode18NormalTest,"T2MC-11156,T2MC-11157,T2MC-11158,T2MC-26849,T2MC-19229,T2MC-11397,T2MC-17002,T2MC-17572,T2MC-16985,T2MC-11160,T2MC-11348,T2MC-16978,T2MC-14828,T2MC-29139,T2MC-16914,T2MC-16922,T2MC-26850,T2MC-14837,T2MC-16828,T2MC-16896"
SWIT-ML_ADC_Mode18DetErrorBusyDetOn,"T2MC-11161,T2MC-34052,T2MC-14817,T2MC-17571,T2MC-16984,T2MC-11349,T2MC-16979,T2MC-14837，T2MC-11315,T2MC-16828,T2MC-16896"
SWIT-ML_ADC_Mode18DetErrorBusyDetOn,"T2MC-11161,T2MC-34052,T2MC-14817,T2MC-17571,T2MC-16984,T2MC-11349,T2MC-16979,T2MC-14837，T2MC-11315,T2MC-16828,T2MC-16896"
SWIT-ML_ADC_Mode18NormalTest,"T2MC-11156,T2MC-11157,T2MC-11158,T2MC-26849,T2MC-19229,T2MC-11397,T2MC-17002,T2MC-17572,T2MC-16985,T2MC-11160,T2MC-11348,T2MC-16978,T2MC-14828,T2MC-29139,T2MC-16914,T2MC-16922,T2MC-26850,T2MC-14837,T2MC-16828,T2MC-16896"
SWIT-ML_ADC_Mode18DetErrorBusyDetOn,"T2MC-11161,T2MC-34052,T2MC-14817,T2MC-17571,T2MC-16984,T2MC-11349,T2MC-16979,T2MC-14837，T2MC-11315,T2MC-16828,T2MC-16896"
SWIT-ML_ADC_Mode19NormalTest,"T2MC-11156,T2MC-11157,T2MC-11158,T2MC-26849,T2MC-19229,T2MC-11397,T2MC-17002,T2MC-17572,T2MC-16985,T2MC-11160,T2MC-11348,T2MC-16978,T2MC-14828,T2MC-29139,T2MC-16914,T2MC-16922,T2MC-14837,T2MC-16828,T2MC-16896"
SWIT-ML_ADC_Mode19DetErrorBusyDetOn,"T2MC-11161,T2MC-14817,T2MC-17571,T2MC-16984,T2MC-11349,T2MC-16979,T2MC-14837，T2MC-11315,T2MC-16828,T2MC-16896"
SWIT-ML_ADC_Mode19DetErrorBusyDetOn,"T2MC-11161,T2MC-14817,T2MC-17571,T2MC-16984,T2MC-11349,T2MC-16979,T2MC-14837，T2MC-11315,T2MC-16828,T2MC-16896"
SWIT-ML_ADC_Mode19NormalTest,"T2MC-11156,T2MC-11157,T2MC-11158,T2MC-26849,T2MC-19229,T2MC-11397,T2MC-17002,T2MC-17572,T2MC-16985,T2MC-11160,T2MC-11348,T2MC-16978,T2MC-14828,T2MC-29139,T2MC-16914,T2MC-16922,T2MC-14837"
SWIT-ML_ADC_Mode20NormalTest,"T2MC-11156,T2MC-11157,T2MC-11158,T2MC-26849,T2MC-19229,T2MC-11397,T2MC-17002,T2MC-17572,T2MC-16985,T2MC-11160,T2MC-11348,T2MC-16978,T2MC-14828,T2MC-29139,T2MC-16914,T2MC-16922,T2MC-26850,T2MC-14837,T2MC-16828,T2MC-16896"
SWIT-ML_ADC_Mode20DetErrorBusyDetOn,"T2MC-11161,T2MC-34052,T2MC-14817,T2MC-17571,T2MC-16984,T2MC-11349,T2MC-16979,T2MC-14837，T2MC-11315,T2MC-16828,T2MC-16896"
SWIT-ML_ADC_Mode20DetErrorBusyDetOn,"T2MC-11161,T2MC-34052,T2MC-14817,T2MC-17571,T2MC-16984,T2MC-11349,T2MC-16979,T2MC-14837，T2MC-11315,T2MC-16828,T2MC-16896"
SWIT-ML_ADC_Mode20NormalTest,"T2MC-11156,T2MC-11157,T2MC-11158,T2MC-26849,T2MC-19229,T2MC-11397,T2MC-17002,T2MC-17572,T2MC-16985,T2MC-11160,T2MC-11348,T2MC-16978,T2MC-14828,T2MC-29139,T2MC-16914,T2MC-16922,T2MC-26850,T2MC-14837,T2MC-16828,T2MC-16896"
SWIT-ML_ADC_Mode20DetErrorBusyDetOn,"T2MC-11161,T2MC-34052,T2MC-14817,T2MC-17571,T2MC-16984,T2MC-11349,T2MC-16979,T2MC-14837，T2MC-11315,T2MC-16828,T2MC-16896"
SWIT-ML_ADC_Mode21NormalTest,"T2MC-11156,T2MC-11157,T2MC-11158,T2MC-26849,T2MC-19229,T2MC-11397,T2MC-17002,T2MC-17572,T2MC-16985,T2MC-11160,T2MC-11348,T2MC-16978,T2MC-14828,T2MC-29139,T2MC-16914,T2MC-16922,T2MC-14837,T2MC-16828,T2MC-16896"
SWIT-ML_ADC_Mode21DetErrorBusyDetOn,"T2MC-11161,T2MC-14817,T2MC-17571,T2MC-16984,T2MC-11349,T2MC-16979,T2MC-14837，T2MC-11315,T2MC-16828,T2MC-16896"
SWIT-ML_ADC_Mode21DetErrorBusyDetOn,"T2MC-11161,T2MC-14817,T2MC-17571,T2MC-16984,T2MC-11349,T2MC-16979,T2MC-14837，T2MC-11315,T2MC-16828,T2MC-16896"
SWIT-ML_ADC_Mode21DetErrorBusyDetOn,"T2MC-11161,T2MC-14817,T2MC-17571,T2MC-16984,T2MC-11349,T2MC-16979,T2MC-14837，T2MC-11315"
SWIT-ML_ADC_Mode22NormalTest,"T2MC-11156,T2MC-11157,T2MC-11158,T2MC-26849,T2MC-19229,T2MC-11397,T2MC-17002,T2MC-17572,T2MC-16985,T2MC-11160,T2MC-11348,T2MC-16978,T2MC-14828,T2MC-29139,T2MC-16914,T2MC-16922,T2MC-26850,T2MC-14837,T2MC-16828,T2MC-16896"
SWIT-ML_ADC_Mode22DetErrorBusyDetOn,"T2MC-11161,T2MC-34052,T2MC-14817,T2MC-17571,T2MC-16984,T2MC-11349,T2MC-16979,T2MC-14837，T2MC-11315,T2MC-16828,T2MC-16896"
SWIT-ML_ADC_Mode22DetErrorBusyDetOn,"T2MC-11161,T2MC-34052,T2MC-14817,T2MC-17571,T2MC-16984,T2MC-11349,T2MC-16979,T2MC-14837，T2MC-11315,T2MC-16828,T2MC-16896"
SWIT-ML_ADC_Mode22DetErrorBusyDetOn,"T2MC-11161,T2MC-34052,T2MC-14817,T2MC-17571,T2MC-16984,T2MC-11349,T2MC-16979,T2MC-14837，T2MC-11315,T2MC-16828,T2MC-16896"
SWIT-ML_ADC_Mode22DetErrorBusyDetOn,"T2MC-11161,T2MC-34052,T2MC-14817,T2MC-17571,T2MC-16984,T2MC-11349,T2MC-16979,T2MC-14837，T2MC-11315,T2MC-16828,T2MC-16896"
SWIT-ML_ADC_Mode23NormalTest,"T2MC-11156,T2MC-11157,T2MC-11158,T2MC-26849,T2MC-19229,T2MC-11397,T2MC-17002,T2MC-17572,T2MC-16985,T2MC-11160,T2MC-11348,T2MC-16978,T2MC-14828,T2MC-29139,T2MC-16914,T2MC-16922,T2MC-14837,T2MC-16828,T2MC-16896"
SWIT-ML_ADC_Mode23DetErrorBusyDetOn,"T2MC-11161,T2MC-14817,T2MC-17571,T2MC-16984,T2MC-11349,T2MC-16979,T2MC-14837，T2MC-11315,T2MC-16828,T2MC-16896"
SWIT-ML_ADC_Mode23DetErrorBusyDetOn,"T2MC-11161,T2MC-14817,T2MC-17571,T2MC-16984,T2MC-11349,T2MC-16979,T2MC-14837，T2MC-11315,T2MC-16828,T2MC-16896"
SWIT-ML_ADC_Mode23DetErrorBusyDetOn,"T2MC-11161,T2MC-14817,T2MC-17571,T2MC-16984,T2MC-11349,T2MC-16979,T2MC-14837，T2MC-11315"
SWIT-ML_ADC_Mode24NormalTest,"T2MC-11156,T2MC-11157,T2MC-11158,T2MC-26849,T2MC-19229,T2MC-11397,T2MC-17002,T2MC-17572,T2MC-16985,T2MC-11160,T2MC-11348,T2MC-16978,T2MC-14828,T2MC-29139,T2MC-16914,T2MC-16922,T2MC-26850,T2MC-14837,T2MC-16828,T2MC-16896"
SWIT-ML_ADC_Mode24DetErrorBusyDetOn,"T2MC-11161,T2MC-34052,T2MC-14817,T2MC-17571,T2MC-16984,T2MC-11349,T2MC-16979,T2MC-14837，T2MC-11315,T2MC-16828,T2MC-16896"
SWIT-ML_ADC_Mode24DetErrorBusyDetOn,"T2MC-11161,T2MC-34052,T2MC-14817,T2MC-17571,T2MC-16984,T2MC-11349,T2MC-16979,T2MC-14837，T2MC-11315,T2MC-16828,T2MC-16896"
SWIT-ML_ADC_Mode24DetErrorBusyDetOn,"T2MC-11161,T2MC-34052,T2MC-14817,T2MC-17571,T2MC-16984,T2MC-11349,T2MC-16979,T2MC-14837，T2MC-11315,T2MC-16828,T2MC-16896"
SWIT-ML_ADC_Mode24DetErrorBusyDetOn,"T2MC-11161,T2MC-34052,T2MC-14817,T2MC-17571,T2MC-16984,T2MC-11349,T2MC-16979,T2MC-14837，T2MC-11315,T2MC-16828,T2MC-16896"
SWIT-ML_ADC_Mode25NormalTest,"T2MC-11156,T2MC-11157,T2MC-11158,T2MC-26849,T2MC-19229,T2MC-11397,T2MC-17002,T2MC-17572,T2MC-16985,T2MC-11160,T2MC-11348,T2MC-16978,T2MC-14828,T2MC-29139,T2MC-16914,T2MC-16922,T2MC-14837,T2MC-16828,T2MC-16896"
SWIT-ML_ADC_Mode25DetErrorBusyDetOn,"T2MC-11161,T2MC-14817,T2MC-17571,T2MC-16984,T2MC-11349,T2MC-16979,T2MC-14837，T2MC-11315,T2MC-16828,T2MC-16896"
SWIT-ML_ADC_Mode25DetErrorBusyDetOn,"T2MC-11161,T2MC-14817,T2MC-17571,T2MC-16984,T2MC-11349,T2MC-16979,T2MC-14837，T2MC-11315"
SWIT-ML_ADC_Mode26NormalTest,"T2MC-11156,T2MC-11157,T2MC-11158,T2MC-26849,T2MC-19229,T2MC-11397,T2MC-17002,T2MC-17572,T2MC-16985,T2MC-11160,T2MC-11348,T2MC-16978,T2MC-14828,T2MC-29139,T2MC-16914,T2MC-16922,T2MC-26850,T2MC-14837,T2MC-16828,T2MC-16896"
SWIT-ML_ADC_Mode26DetErrorBusyDetOn,"T2MC-11161,T2MC-34052,T2MC-14817,T2MC-17571,T2MC-16984,T2MC-11349,T2MC-16979,T2MC-14837，T2MC-11315,T2MC-16828,T2MC-16896"
SWIT-ML_ADC_Mode26DetErrorBusyDetOn,"T2MC-11161,T2MC-34052,T2MC-14817,T2MC-17571,T2MC-16984,T2MC-11349,T2MC-16979,T2MC-14837，T2MC-11315,T2MC-16828,T2MC-16896"
SWIT-ML_ADC_Mode26DetErrorBusyDetOn,"T2MC-11161,T2MC-34052,T2MC-14817,T2MC-17571,T2MC-16984,T2MC-11349,T2MC-16979,T2MC-14837，T2MC-11315,T2MC-16828,T2MC-16896"
SWIT-ML_ADC_Mode27NormalTest,"T2MC-11156,T2MC-11157,T2MC-11158,T2MC-26849,T2MC-19229,T2MC-11397,T2MC-17002,T2MC-17572,T2MC-16985,T2MC-11160,T2MC-11348,T2MC-16978,T2MC-14828,T2MC-29139,T2MC-16914,T2MC-16922,T2MC-14837,T2MC-16828,T2MC-16896"
SWIT-ML_ADC_Mode27DetErrorBusyDetOn,"T2MC-11161,T2MC-14817,T2MC-17571,T2MC-16984,T2MC-11349,T2MC-16979,T2MC-14837，T2MC-11315,T2MC-16828,T2MC-16896"
SWIT-ML_ADC_Mode27DetErrorBusyDetOn,"T2MC-11161,T2MC-14817,T2MC-17571,T2MC-16984,T2MC-11349,T2MC-16979,T2MC-14837，T2MC-11315"
SWIT-ML_ADC_Mode28NormalTest,"T2MC-11156,T2MC-11157,T2MC-11158,T2MC-26849,T2MC-19229,T2MC-11397,T2MC-17002,T2MC-17572,T2MC-16985,T2MC-11160,T2MC-11348,T2MC-16978,T2MC-14828,T2MC-29139,T2MC-16914,T2MC-16922,T2MC-26850,T2MC-14837,T2MC-16828,T2MC-16896"
SWIT-ML_ADC_Mode28DetErrorBusyDetOn,"T2MC-11161,T2MC-34052,T2MC-14817,T2MC-17571,T2MC-16984,T2MC-11349,T2MC-16979,T2MC-14837，T2MC-11315,T2MC-16828,T2MC-16896"
SWIT-ML_ADC_Mode28DetErrorBusyDetOn,"T2MC-11161,T2MC-34052,T2MC-14817,T2MC-17571,T2MC-16984,T2MC-11349,T2MC-16979,T2MC-14837，T2MC-11315,T2MC-16828,T2MC-16896"
SWIT-ML_ADC_Mode28DetErrorBusyDetOn,"T2MC-11161,T2MC-34052,T2MC-14817,T2MC-17571,T2MC-16984,T2MC-11349,T2MC-16979,T2MC-14837，T2MC-11315,T2MC-16828,T2MC-16896"
SWIT-ML_ADC_Mode29NormalTest,"T2MC-11156,T2MC-11157,T2MC-11158,T2MC-26849,T2MC-19229,T2MC-11397,T2MC-17002,T2MC-17572,T2MC-16985,T2MC-11160,T2MC-11348,T2MC-16978,T2MC-14828,T2MC-29139,T2MC-16914,T2MC-16922,T2MC-14837,T2MC-16828,T2MC-16896"
SWIT-ML_ADC_Mode29DetErrorBusyDetOn,"T2MC-11161,T2MC-14817,T2MC-17571,T2MC-16984,T2MC-11349,T2MC-16979,T2MC-14837，T2MC-11315,T2MC-16828,T2MC-16896"
SWIT-ML_ADC_Mode29DetErrorBusyDetOn,"T2MC-11161,T2MC-14817,T2MC-17571,T2MC-16984,T2MC-11349,T2MC-16979,T2MC-14837，T2MC-11315"
SWIT-ML_ADC_Mode30NormalTest,"T2MC-11156,T2MC-11157,T2MC-11158,T2MC-26849,T2MC-19229,T2MC-11397,T2MC-17002,T2MC-17572,T2MC-16985,T2MC-11160,T2MC-11348,T2MC-16978,T2MC-14828,T2MC-29139,T2MC-16914,T2MC-16922,T2MC-26850,T2MC-14837,T2MC-16828,T2MC-16896"
SWIT-ML_ADC_Mode30DetErrorBusyDetOn,"T2MC-11161,T2MC-34052,T2MC-14817,T2MC-17571,T2MC-16984,T2MC-11349,T2MC-16979,T2MC-14837，T2MC-11315,T2MC-16828,T2MC-16896"
SWIT-ML_ADC_Mode30DetErrorBusyDetOn,"T2MC-11161,T2MC-34052,T2MC-14817,T2MC-17571,T2MC-16984,T2MC-11349,T2MC-16979,T2MC-14837，T2MC-11315,T2MC-16828,T2MC-16896"
SWIT-ML_ADC_Mode30DetErrorBusyDetOn,"T2MC-11161,T2MC-34052,T2MC-14817,T2MC-17571,T2MC-16984,T2MC-11349,T2MC-16979,T2MC-14837，T2MC-11315,T2MC-16828,T2MC-16896"
SWIT-ML_ADC_Mode31NormalTest,"T2MC-11156,T2MC-11157,T2MC-11158,T2MC-26849,T2MC-19229,T2MC-11397,T2MC-17002,T2MC-17572,T2MC-16985,T2MC-11160,T2MC-11348,T2MC-16978,T2MC-14828,T2MC-29139,T2MC-16914,T2MC-16922,T2MC-14837,T2MC-16828,T2MC-16896"
SWIT-ML_ADC_Mode31DetErrorBusyDetOn,"T2MC-11161,T2MC-14817,T2MC-17571,T2MC-16984,T2MC-11349,T2MC-16979,T2MC-14837，T2MC-11315,T2MC-16828,T2MC-16896"
SWIT-ML_ADC_Mode31DetErrorBusyDetOn,"T2MC-11161,T2MC-14817,T2MC-17571,T2MC-16984,T2MC-11349,T2MC-16979,T2MC-14837，T2MC-11315"
SWIT-ML_ADC_Mode32NormalTest,"T2MC-11156,T2MC-11157,T2MC-11158,T2MC-26849,T2MC-19229,T2MC-11397,T2MC-17002,T2MC-17572,T2MC-16985,T2MC-11160,T2MC-11348,T2MC-16978,T2MC-14828,T2MC-29139,T2MC-16914,T2MC-16922,T2MC-26850,T2MC-14837,T2MC-16828,T2MC-16896"
SWIT-ML_ADC_Mode32DetErrorBusyDetOn,"T2MC-11161,T2MC-34052,T2MC-14817,T2MC-17571,T2MC-16984,T2MC-11349,T2MC-16979,T2MC-14837，T2MC-11315,T2MC-16828,T2MC-16896"
SWIT-ML_ADC_Mode32DetErrorBusyDetOn,"T2MC-11161,T2MC-34052,T2MC-14817,T2MC-17571,T2MC-16984,T2MC-11349,T2MC-16979,T2MC-14837，T2MC-11315,T2MC-16828,T2MC-16896"
SWIT-ML_ADC_Mode32DetErrorBusyDetOn,"T2MC-11161,T2MC-34052,T2MC-14817,T2MC-17571,T2MC-16984,T2MC-11349,T2MC-16979,T2MC-14837，T2MC-11315,T2MC-16828,T2MC-16896"
SWIT-ML_ADC_Mode33NormalTest,"T2MC-11156,T2MC-11157,T2MC-11158,T2MC-26849,T2MC-19229,T2MC-11397,T2MC-17002,T2MC-17572,T2MC-16985,T2MC-11160,T2MC-11348,T2MC-16978,T2MC-14828,T2MC-29139,T2MC-16914,T2MC-16922,T2MC-14837,T2MC-16828,T2MC-16896"
SWIT-ML_ADC_Mode33DetErrorBusyDetOn,"T2MC-11161,T2MC-14817,T2MC-17571,T2MC-16984,T2MC-11349,T2MC-16979,T2MC-14837，T2MC-11315,T2MC-16828,T2MC-16896"
SWIT-ML_ADC_Mode33DetErrorBusyDetOn,"T2MC-11161,T2MC-14817,T2MC-17571,T2MC-16984,T2MC-11349,T2MC-16979,T2MC-14837，T2MC-11315,T2MC-16828,T2MC-16896"
SWIT-ML_ADC_Mode33NormalTest,"T2MC-11156,T2MC-11157,T2MC-11158,T2MC-26849,T2MC-19229,T2MC-11397,T2MC-17002,T2MC-17572,T2MC-16985,T2MC-11160,T2MC-11348,T2MC-16978,T2MC-14828,T2MC-29139,T2MC-16914,T2MC-16922,T2MC-14837"
SWIT-ML_ADC_Mode34NormalTest,"T2MC-11156,T2MC-11157,T2MC-11158,T2MC-26849,T2MC-19229,T2MC-11397,T2MC-17002,T2MC-17572,T2MC-16985,T2MC-11160,T2MC-11348,T2MC-16978,T2MC-14828,T2MC-29139,T2MC-16914,T2MC-16922,T2MC-26850,T2MC-14837,T2MC-16828,T2MC-16896"
SWIT-ML_ADC_Mode34DetErrorBusyDetOn,"T2MC-11161,T2MC-34052,T2MC-14817,T2MC-17571,T2MC-16984,T2MC-11349,T2MC-16979,T2MC-14837，T2MC-11315,T2MC-16828,T2MC-16896"
SWIT-ML_ADC_Mode34DetErrorBusyDetOn,"T2MC-11161,T2MC-34052,T2MC-14817,T2MC-17571,T2MC-16984,T2MC-11349,T2MC-16979,T2MC-14837，T2MC-11315,T2MC-16828,T2MC-16896"
SWIT-ML_ADC_Mode34NormalTest,"T2MC-11156,T2MC-11157,T2MC-11158,T2MC-26849,T2MC-19229,T2MC-11397,T2MC-17002,T2MC-17572,T2MC-16985,T2MC-11160,T2MC-11348,T2MC-16978,T2MC-14828,T2MC-29139,T2MC-16914,T2MC-16922,T2MC-26850,T2MC-14837,T2MC-16828,T2MC-16896"
SWIT-ML_ADC_Mode34DetErrorBusyDetOn,"T2MC-11161,T2MC-34052,T2MC-14817,T2MC-17571,T2MC-16984,T2MC-11349,T2MC-16979,T2MC-14837，T2MC-11315,T2MC-16828,T2MC-16896"
SWIT-ML_ADC_Mode35NormalTest,"T2MC-11156,T2MC-11157,T2MC-11158,T2MC-26849,T2MC-19229,T2MC-11397,T2MC-17002,T2MC-17572,T2MC-16985,T2MC-11160,T2MC-11348,T2MC-16978,T2MC-14828,T2MC-29139,T2MC-16914,T2MC-16922,T2MC-14837,T2MC-16828,T2MC-16896"
SWIT-ML_ADC_Mode35DetErrorBusyDetOn,"T2MC-11161,T2MC-14817,T2MC-17571,T2MC-16984,T2MC-11349,T2MC-16979,T2MC-14837，T2MC-11315,T2MC-16828,T2MC-16896"
SWIT-ML_ADC_Mode35DetErrorBusyDetOn,"T2MC-11161,T2MC-14817,T2MC-17571,T2MC-16984,T2MC-11349,T2MC-16979,T2MC-14837，T2MC-11315,T2MC-16828,T2MC-16896"
SWIT-ML_ADC_Mode35NormalTest,"T2MC-11156,T2MC-11157,T2MC-11158,T2MC-26849,T2MC-19229,T2MC-11397,T2MC-17002,T2MC-17572,T2MC-16985,T2MC-11160,T2MC-11348,T2MC-16978,T2MC-14828,T2MC-29139,T2MC-16914,T2MC-16922,T2MC-14837"
SWIT-ML_ADC_Mode36NormalTest,"T2MC-11156,T2MC-11157,T2MC-11158,T2MC-26849,T2MC-19229,T2MC-11397,T2MC-17002,T2MC-17572,T2MC-16985,T2MC-11160,T2MC-11348,T2MC-16978,T2MC-14828,T2MC-29139,T2MC-16914,T2MC-16922,T2MC-26850,T2MC-14837,T2MC-16828,T2MC-16896"
SWIT-ML_ADC_Mode36DetErrorBusyDetOn,"T2MC-11161,T2MC-34052,T2MC-14817,T2MC-17571,T2MC-16984,T2MC-11349,T2MC-16979,T2MC-14837，T2MC-11315,T2MC-16828,T2MC-16896"
SWIT-ML_ADC_Mode36DetErrorBusyDetOn,"T2MC-11161,T2MC-34052,T2MC-14817,T2MC-17571,T2MC-16984,T2MC-11349,T2MC-16979,T2MC-14837，T2MC-11315,T2MC-16828,T2MC-16896"
SWIT-ML_ADC_Mode36NormalTest,"T2MC-11156,T2MC-11157,T2MC-11158,T2MC-26849,T2MC-19229,T2MC-11397,T2MC-17002,T2MC-17572,T2MC-16985,T2MC-11160,T2MC-11348,T2MC-16978,T2MC-14828,T2MC-29139,T2MC-16914,T2MC-16922,T2MC-26850,T2MC-14837,T2MC-16828,T2MC-16896"
SWIT-ML_ADC_Mode36DetErrorBusyDetOn,"T2MC-11161,T2MC-34052,T2MC-14817,T2MC-17571,T2MC-16984,T2MC-11349,T2MC-16979,T2MC-14837，T2MC-11315,T2MC-16828,T2MC-16896"
SWIT-ML_ADC_Mode37NormalTest,"T2MC-11156,T2MC-11157,T2MC-11158,T2MC-26849,T2MC-19229,T2MC-11397,T2MC-17002,T2MC-17572,T2MC-16985,T2MC-11160,T2MC-11348,T2MC-16978,T2MC-14828,T2MC-29139,T2MC-16914,T2MC-16922,T2MC-14837,T2MC-16828,T2MC-16896"
SWIT-ML_ADC_Mode37DetErrorBusyDetOn,"T2MC-11161,T2MC-14817,T2MC-17571,T2MC-16984,T2MC-11349,T2MC-16979,T2MC-14837，T2MC-11315,T2MC-16828,T2MC-16896"
SWIT-ML_ADC_Mode37DetErrorBusyDetOn,"T2MC-11161,T2MC-14817,T2MC-17571,T2MC-16984,T2MC-11349,T2MC-16979,T2MC-14837，T2MC-11315,T2MC-16828,T2MC-16896"
SWIT-ML_ADC_Mode37DetErrorBusyDetOn,"T2MC-11161,T2MC-14817,T2MC-17571,T2MC-16984,T2MC-11349,T2MC-16979,T2MC-14837，T2MC-11315"
SWIT-ML_ADC_Mode38NormalTest,"T2MC-11156,T2MC-11157,T2MC-11158,T2MC-26849,T2MC-19229,T2MC-11397,T2MC-17002,T2MC-17572,T2MC-16985,T2MC-11160,T2MC-11348,T2MC-16978,T2MC-14828,T2MC-29139,T2MC-16914,T2MC-16922,T2MC-26850,T2MC-14837,T2MC-16828,T2MC-16896"
SWIT-ML_ADC_Mode38DetErrorBusyDetOn,"T2MC-11161,T2MC-34052,T2MC-14817,T2MC-17571,T2MC-16984,T2MC-11349,T2MC-16979,T2MC-14837，T2MC-11315,T2MC-16828,T2MC-16896"
SWIT-ML_ADC_Mode38DetErrorBusyDetOn,"T2MC-11161,T2MC-34052,T2MC-14817,T2MC-17571,T2MC-16984,T2MC-11349,T2MC-16979,T2MC-14837，T2MC-11315,T2MC-16828,T2MC-16896"
SWIT-ML_ADC_Mode38DetErrorBusyDetOn,"T2MC-11161,T2MC-34052,T2MC-14817,T2MC-17571,T2MC-16984,T2MC-11349,T2MC-16979,T2MC-14837，T2MC-11315,T2MC-16828,T2MC-16896"
SWIT-ML_ADC_Mode38DetErrorBusyDetOn,"T2MC-11161,T2MC-34052,T2MC-14817,T2MC-17571,T2MC-16984,T2MC-11349,T2MC-16979,T2MC-14837，T2MC-11315,T2MC-16828,T2MC-16896"
SWIT-ML_ADC_Mode39NormalTest,"T2MC-11156,T2MC-11157,T2MC-11158,T2MC-26849,T2MC-19229,T2MC-11397,T2MC-17002,T2MC-17572,T2MC-16985,T2MC-11160,T2MC-11348,T2MC-16978,T2MC-14828,T2MC-29139,T2MC-16914,T2MC-16922,T2MC-14837,T2MC-16828,T2MC-16896"
SWIT-ML_ADC_Mode39DetErrorBusyDetOn,"T2MC-11161,T2MC-14817,T2MC-17571,T2MC-16984,T2MC-11349,T2MC-16979,T2MC-14837，T2MC-11315,T2MC-16828,T2MC-16896"
SWIT-ML_ADC_Mode39DetErrorBusyDetOn,"T2MC-11161,T2MC-14817,T2MC-17571,T2MC-16984,T2MC-11349,T2MC-16979,T2MC-14837，T2MC-11315,T2MC-16828,T2MC-16896"
SWIT-ML_ADC_Mode39DetErrorBusyDetOn,"T2MC-11161,T2MC-14817,T2MC-17571,T2MC-16984,T2MC-11349,T2MC-16979,T2MC-14837，T2MC-11315"
SWIT-ML_ADC_Mode40NormalTest,"T2MC-11156,T2MC-11157,T2MC-11158,T2MC-26849,T2MC-19229,T2MC-11397,T2MC-17002,T2MC-17572,T2MC-16985,T2MC-11160,T2MC-11348,T2MC-16978,T2MC-14828,T2MC-29139,T2MC-16914,T2MC-16922,T2MC-26850,T2MC-14837,T2MC-16828,T2MC-16896"
SWIT-ML_ADC_Mode40DetErrorBusyDetOn,"T2MC-11161,T2MC-34052,T2MC-14817,T2MC-17571,T2MC-16984,T2MC-11349,T2MC-16979,T2MC-14837，T2MC-11315,T2MC-16828,T2MC-16896"
SWIT-ML_ADC_Mode40DetErrorBusyDetOn,"T2MC-11161,T2MC-34052,T2MC-14817,T2MC-17571,T2MC-16984,T2MC-11349,T2MC-16979,T2MC-14837，T2MC-11315,T2MC-16828,T2MC-16896"
SWIT-ML_ADC_Mode40DetErrorBusyDetOn,"T2MC-11161,T2MC-34052,T2MC-14817,T2MC-17571,T2MC-16984,T2MC-11349,T2MC-16979,T2MC-14837，T2MC-11315,T2MC-16828,T2MC-16896"
SWIT-ML_ADC_Mode40DetErrorBusyDetOn,"T2MC-11161,T2MC-34052,T2MC-14817,T2MC-17571,T2MC-16984,T2MC-11349,T2MC-16979,T2MC-14837，T2MC-11315,T2MC-16828,T2MC-16896"
SWIT-ML_ADC_DetErrorUninitDetOn,"T2MC-11162,T2MC-14817,T2MC-17571,T2MC-16984,T2MC-11349,T2MC-16979，T2MC-11315,T2MC-16828,T2MC-16896"
SWIT-ML_ADC_Mode01DetErrorBusyDetOff,"T2MC-11161,T2MC-14816,T2MC-14817,T2MC-17571,T2MC-16984,T2MC-11349,T2MC-16979,T2MC-14837,T2MC-16828,T2MC-16896"
SWIT-ML_ADC_Mode02DetErrorBusyDetOff,"T2MC-11161,T2MC-14816,T2MC-34052,T2MC-14817,T2MC-17571,T2MC-16984,T2MC-11349,T2MC-16979,T2MC-14837,T2MC-16828,T2MC-16896"
SWIT-ML_ADC_Mode02DetErrorBusyDetOff,"T2MC-11161,T2MC-14816,T2MC-34052,T2MC-14817,T2MC-17571,T2MC-16984,T2MC-11349,T2MC-16979,T2MC-14837,T2MC-16828,T2MC-16896"
SWIT-ML_ADC_Mode03DetErrorBusyDetOff,"T2MC-11161,T2MC-14816,T2MC-14817,T2MC-17571,T2MC-16984,T2MC-11349,T2MC-16979,T2MC-14837,T2MC-16828,T2MC-16896"
SWIT-ML_ADC_Mode04DetErrorBusyDetOff,"T2MC-11161,T2MC-14816,T2MC-34052,T2MC-14817,T2MC-17571,T2MC-16984,T2MC-11349,T2MC-16979,T2MC-14837,T2MC-16828,T2MC-16896"
SWIT-ML_ADC_Mode04DetErrorBusyDetOff,"T2MC-11161,T2MC-14816,T2MC-34052,T2MC-14817,T2MC-17571,T2MC-16984,T2MC-11349,T2MC-16979,T2MC-14837,T2MC-16828,T2MC-16896"
SWIT-ML_ADC_Mode05DetErrorBusyDetOff,"T2MC-11161,T2MC-14816,T2MC-14817,T2MC-17571,T2MC-16984,T2MC-11349,T2MC-16979,T2MC-14837,T2MC-16828,T2MC-16896"
SWIT-ML_ADC_Mode06DetErrorBusyDetOff,"T2MC-11161,T2MC-14816,T2MC-34052,T2MC-14817,T2MC-17571,T2MC-16984,T2MC-11349,T2MC-16979,T2MC-14837,T2MC-16828,T2MC-16896"
SWIT-ML_ADC_Mode06DetErrorBusyDetOff,"T2MC-11161,T2MC-14816,T2MC-34052,T2MC-14817,T2MC-17571,T2MC-16984,T2MC-11349,T2MC-16979,T2MC-14837,T2MC-16828,T2MC-16896"
SWIT-ML_ADC_Mode07DetErrorBusyDetOff,"T2MC-11161,T2MC-14816,T2MC-14817,T2MC-17571,T2MC-16984,T2MC-11349,T2MC-16979,T2MC-14837,T2MC-16828,T2MC-16896"
SWIT-ML_ADC_Mode08DetErrorBusyDetOff,"T2MC-11161,T2MC-14816,T2MC-34052,T2MC-14817,T2MC-17571,T2MC-16984,T2MC-11349,T2MC-16979,T2MC-14837,T2MC-16828,T2MC-16896"
SWIT-ML_ADC_Mode08DetErrorBusyDetOff,"T2MC-11161,T2MC-14816,T2MC-34052,T2MC-14817,T2MC-17571,T2MC-16984,T2MC-11349,T2MC-16979,T2MC-14837,T2MC-16828,T2MC-16896"
SWIT-ML_ADC_Mode09DetErrorBusyDetOff,"T2MC-11161,T2MC-14816,T2MC-14817,T2MC-17571,T2MC-16984,T2MC-11349,T2MC-16979,T2MC-14837,T2MC-16828,T2MC-16896"
SWIT-ML_ADC_Mode09DetErrorBusyDetOff,"T2MC-11161,T2MC-14816,T2MC-14817,T2MC-17571,T2MC-16984,T2MC-11349,T2MC-16979,T2MC-14837,T2MC-16828,T2MC-16896"
SWIT-ML_ADC_Mode10DetErrorBusyDetOff,"T2MC-11161,T2MC-14816,T2MC-34052,T2MC-14817,T2MC-17571,T2MC-16984,T2MC-11349,T2MC-16979,T2MC-14837,T2MC-16828,T2MC-16896"
SWIT-ML_ADC_Mode10DetErrorBusyDetOff,"T2MC-11161,T2MC-14816,T2MC-34052,T2MC-14817,T2MC-17571,T2MC-16984,T2MC-11349,T2MC-16979,T2MC-14837,T2MC-16828,T2MC-16896"
SWIT-ML_ADC_Mode10DetErrorBusyDetOff,"T2MC-11161,T2MC-14816,T2MC-34052,T2MC-14817,T2MC-17571,T2MC-16984,T2MC-11349,T2MC-16979,T2MC-14837,T2MC-16828,T2MC-16896"
SWIT-ML_ADC_Mode11DetErrorBusyDetOff,"T2MC-11161,T2MC-14816,T2MC-14817,T2MC-17571,T2MC-16984,T2MC-11349,T2MC-16979,T2MC-14837,T2MC-16828,T2MC-16896"
SWIT-ML_ADC_Mode11DetErrorBusyDetOff,"T2MC-11161,T2MC-14816,T2MC-14817,T2MC-17571,T2MC-16984,T2MC-11349,T2MC-16979,T2MC-14837,T2MC-16828,T2MC-16896"
SWIT-ML_ADC_Mode12DetErrorBusyDetOff,"T2MC-11161,T2MC-14816,T2MC-34052,T2MC-14817,T2MC-17571,T2MC-16984,T2MC-11349,T2MC-16979,T2MC-14837,T2MC-16828,T2MC-16896"
SWIT-ML_ADC_Mode12DetErrorBusyDetOff,"T2MC-11161,T2MC-14816,T2MC-34052,T2MC-14817,T2MC-17571,T2MC-16984,T2MC-11349,T2MC-16979,T2MC-14837,T2MC-16828,T2MC-16896"
SWIT-ML_ADC_Mode12DetErrorBusyDetOff,"T2MC-11161,T2MC-14816,T2MC-34052,T2MC-14817,T2MC-17571,T2MC-16984,T2MC-11349,T2MC-16979,T2MC-14837,T2MC-16828,T2MC-16896"
SWIT-ML_ADC_Mode13DetErrorBusyDetOff,"T2MC-11161,T2MC-14816,T2MC-14817,T2MC-17571,T2MC-16984,T2MC-11349,T2MC-16979,T2MC-14837,T2MC-16828,T2MC-16896"
SWIT-ML_ADC_Mode13DetErrorBusyDetOff,"T2MC-11161,T2MC-14816,T2MC-14817,T2MC-17571,T2MC-16984,T2MC-11349,T2MC-16979,T2MC-14837,T2MC-16828,T2MC-16896"
SWIT-ML_ADC_Mode14DetErrorBusyDetOff,"T2MC-11161,T2MC-14816,T2MC-34052,T2MC-14817,T2MC-17571,T2MC-16984,T2MC-11349,T2MC-16979,T2MC-14837,T2MC-16828,T2MC-16896"
SWIT-ML_ADC_Mode14DetErrorBusyDetOff,"T2MC-11161,T2MC-14816,T2MC-34052,T2MC-14817,T2MC-17571,T2MC-16984,T2MC-11349,T2MC-16979,T2MC-14837,T2MC-16828,T2MC-16896"
SWIT-ML_ADC_Mode14DetErrorBusyDetOff,"T2MC-11161,T2MC-14816,T2MC-34052,T2MC-14817,T2MC-17571,T2MC-16984,T2MC-11349,T2MC-16979,T2MC-14837,T2MC-16828,T2MC-16896"
SWIT-ML_ADC_Mode15DetErrorBusyDetOff,"T2MC-11161,T2MC-14816,T2MC-14817,T2MC-17571,T2MC-16984,T2MC-11349,T2MC-16979,T2MC-14837,T2MC-16828,T2MC-16896"
SWIT-ML_ADC_Mode15DetErrorBusyDetOff,"T2MC-11161,T2MC-14816,T2MC-14817,T2MC-17571,T2MC-16984,T2MC-11349,T2MC-16979,T2MC-14837,T2MC-16828,T2MC-16896"
SWIT-ML_ADC_Mode16DetErrorBusyDetOff,"T2MC-11161,T2MC-14816,T2MC-34052,T2MC-14817,T2MC-17571,T2MC-16984,T2MC-11349,T2MC-16979,T2MC-14837,T2MC-16828,T2MC-16896"
SWIT-ML_ADC_Mode16DetErrorBusyDetOff,"T2MC-11161,T2MC-14816,T2MC-34052,T2MC-14817,T2MC-17571,T2MC-16984,T2MC-11349,T2MC-16979,T2MC-14837,T2MC-16828,T2MC-16896"
SWIT-ML_ADC_Mode16DetErrorBusyDetOff,"T2MC-11161,T2MC-14816,T2MC-34052,T2MC-14817,T2MC-17571,T2MC-16984,T2MC-11349,T2MC-16979,T2MC-14837,T2MC-16828,T2MC-16896"
SWIT-ML_ADC_Mode17DetErrorBusyDetOff,"T2MC-11161,T2MC-14816,T2MC-14817,T2MC-17571,T2MC-16984,T2MC-11349,T2MC-16979,T2MC-14837,T2MC-16828,T2MC-16896"
SWIT-ML_ADC_Mode17DetErrorBusyDetOff,"T2MC-11161,T2MC-14816,T2MC-14817,T2MC-17571,T2MC-16984,T2MC-11349,T2MC-16979,T2MC-14837,T2MC-16828,T2MC-16896"
SWIT-ML_ADC_Mode18DetErrorBusyDetOff,"T2MC-11161,T2MC-14816,T2MC-34052,T2MC-14817,T2MC-17571,T2MC-16984,T2MC-11349,T2MC-16979,T2MC-14837,T2MC-16828,T2MC-16896"
SWIT-ML_ADC_Mode18DetErrorBusyDetOff,"T2MC-11161,T2MC-14816,T2MC-34052,T2MC-14817,T2MC-17571,T2MC-16984,T2MC-11349,T2MC-16979,T2MC-14837,T2MC-16828,T2MC-16896"
SWIT-ML_ADC_Mode18DetErrorBusyDetOff,"T2MC-11161,T2MC-14816,T2MC-34052,T2MC-14817,T2MC-17571,T2MC-16984,T2MC-11349,T2MC-16979,T2MC-14837,T2MC-16828,T2MC-16896"
SWIT-ML_ADC_Mode19DetErrorBusyDetOff,"T2MC-11161,T2MC-14816,T2MC-14817,T2MC-17571,T2MC-16984,T2MC-11349,T2MC-16979,T2MC-14837,T2MC-16828,T2MC-16896"
SWIT-ML_ADC_Mode19DetErrorBusyDetOff,"T2MC-11161,T2MC-14816,T2MC-14817,T2MC-17571,T2MC-16984,T2MC-11349,T2MC-16979,T2MC-14837,T2MC-16828,T2MC-16896"
SWIT-ML_ADC_Mode20DetErrorBusyDetOff,"T2MC-11161,T2MC-14816,T2MC-34052,T2MC-14817,T2MC-17571,T2MC-16984,T2MC-11349,T2MC-16979,T2MC-14837,T2MC-16828,T2MC-16896"
SWIT-ML_ADC_Mode20DetErrorBusyDetOff,"T2MC-11161,T2MC-14816,T2MC-34052,T2MC-14817,T2MC-17571,T2MC-16984,T2MC-11349,T2MC-16979,T2MC-14837,T2MC-16828,T2MC-16896"
SWIT-ML_ADC_Mode20DetErrorBusyDetOff,"T2MC-11161,T2MC-14816,T2MC-34052,T2MC-14817,T2MC-17571,T2MC-16984,T2MC-11349,T2MC-16979,T2MC-14837,T2MC-16828,T2MC-16896"
SWIT-ML_ADC_Mode21DetErrorBusyDetOff,"T2MC-11161,T2MC-14816,T2MC-14817,T2MC-17571,T2MC-16984,T2MC-11349,T2MC-16979,T2MC-14837,T2MC-16828,T2MC-16896"
SWIT-ML_ADC_Mode21DetErrorBusyDetOff,"T2MC-11161,T2MC-14816,T2MC-14817,T2MC-17571,T2MC-16984,T2MC-11349,T2MC-16979,T2MC-14837,T2MC-16828,T2MC-16896"
SWIT-ML_ADC_Mode21DetErrorBusyDetOff,"T2MC-11161,T2MC-14816,T2MC-14817,T2MC-17571,T2MC-16984,T2MC-11349,T2MC-16979,T2MC-14837,T2MC-16828,T2MC-16896"
SWIT-ML_ADC_Mode22DetErrorBusyDetOff,"T2MC-11161,T2MC-14816,T2MC-34052,T2MC-14817,T2MC-17571,T2MC-16984,T2MC-11349,T2MC-16979,T2MC-14837,T2MC-16828,T2MC-16896"
SWIT-ML_ADC_Mode22DetErrorBusyDetOff,"T2MC-11161,T2MC-14816,T2MC-34052,T2MC-14817,T2MC-17571,T2MC-16984,T2MC-11349,T2MC-16979,T2MC-14837,T2MC-16828,T2MC-16896"
SWIT-ML_ADC_Mode22DetErrorBusyDetOff,"T2MC-11161,T2MC-14816,T2MC-34052,T2MC-14817,T2MC-17571,T2MC-16984,T2MC-11349,T2MC-16979,T2MC-14837,T2MC-16828,T2MC-16896"
SWIT-ML_ADC_Mode22DetErrorBusyDetOff,"T2MC-11161,T2MC-14816,T2MC-34052,T2MC-14817,T2MC-17571,T2MC-16984,T2MC-11349,T2MC-16979,T2MC-14837,T2MC-16828,T2MC-16896"
SWIT-ML_ADC_Mode23DetErrorBusyDetOff,"T2MC-11161,T2MC-14816,T2MC-14817,T2MC-17571,T2MC-16984,T2MC-11349,T2MC-16979,T2MC-14837,T2MC-16828,T2MC-16896"
SWIT-ML_ADC_Mode23DetErrorBusyDetOff,"T2MC-11161,T2MC-14816,T2MC-14817,T2MC-17571,T2MC-16984,T2MC-11349,T2MC-16979,T2MC-14837,T2MC-16828,T2MC-16896"
SWIT-ML_ADC_Mode23DetErrorBusyDetOff,"T2MC-11161,T2MC-14816,T2MC-14817,T2MC-17571,T2MC-16984,T2MC-11349,T2MC-16979,T2MC-14837,T2MC-16828,T2MC-16896"
SWIT-ML_ADC_Mode24DetErrorBusyDetOff,"T2MC-11161,T2MC-14816,T2MC-34052,T2MC-14817,T2MC-17571,T2MC-16984,T2MC-11349,T2MC-16979,T2MC-14837,T2MC-16828,T2MC-16896"
SWIT-ML_ADC_Mode24DetErrorBusyDetOff,"T2MC-11161,T2MC-14816,T2MC-34052,T2MC-14817,T2MC-17571,T2MC-16984,T2MC-11349,T2MC-16979,T2MC-14837,T2MC-16828,T2MC-16896"
SWIT-ML_ADC_Mode24DetErrorBusyDetOff,"T2MC-11161,T2MC-14816,T2MC-34052,T2MC-14817,T2MC-17571,T2MC-16984,T2MC-11349,T2MC-16979,T2MC-14837,T2MC-16828,T2MC-16896"
SWIT-ML_ADC_Mode24DetErrorBusyDetOff,"T2MC-11161,T2MC-14816,T2MC-34052,T2MC-14817,T2MC-17571,T2MC-16984,T2MC-11349,T2MC-16979,T2MC-14837,T2MC-16828,T2MC-16896"
SWIT-ML_ADC_Mode25DetErrorBusyDetOff,"T2MC-11161,T2MC-14816,T2MC-14817,T2MC-17571,T2MC-16984,T2MC-11349,T2MC-16979,T2MC-14837,T2MC-16828,T2MC-16896"
SWIT-ML_ADC_Mode25DetErrorBusyDetOff,"T2MC-11161,T2MC-14816,T2MC-14817,T2MC-17571,T2MC-16984,T2MC-11349,T2MC-16979,T2MC-14837,T2MC-16828,T2MC-16896"
SWIT-ML_ADC_Mode26DetErrorBusyDetOff,"T2MC-11161,T2MC-14816,T2MC-34052,T2MC-14817,T2MC-17571,T2MC-16984,T2MC-11349,T2MC-16979,T2MC-14837,T2MC-16828,T2MC-16896"
SWIT-ML_ADC_Mode26DetErrorBusyDetOff,"T2MC-11161,T2MC-14816,T2MC-34052,T2MC-14817,T2MC-17571,T2MC-16984,T2MC-11349,T2MC-16979,T2MC-14837,T2MC-16828,T2MC-16896"
SWIT-ML_ADC_Mode26DetErrorBusyDetOff,"T2MC-11161,T2MC-14816,T2MC-34052,T2MC-14817,T2MC-17571,T2MC-16984,T2MC-11349,T2MC-16979,T2MC-14837,T2MC-16828,T2MC-16896"
SWIT-ML_ADC_Mode27DetErrorBusyDetOff,"T2MC-11161,T2MC-14816,T2MC-14817,T2MC-17571,T2MC-16984,T2MC-11349,T2MC-16979,T2MC-14837,T2MC-16828,T2MC-16896"
SWIT-ML_ADC_Mode27DetErrorBusyDetOff,"T2MC-11161,T2MC-14816,T2MC-14817,T2MC-17571,T2MC-16984,T2MC-11349,T2MC-16979,T2MC-14837,T2MC-16828,T2MC-16896"
SWIT-ML_ADC_Mode28DetErrorBusyDetOff,"T2MC-11161,T2MC-14816,T2MC-34052,T2MC-14817,T2MC-17571,T2MC-16984,T2MC-11349,T2MC-16979,T2MC-14837,T2MC-16828,T2MC-16896"
SWIT-ML_ADC_Mode28DetErrorBusyDetOff,"T2MC-11161,T2MC-14816,T2MC-34052,T2MC-14817,T2MC-17571,T2MC-16984,T2MC-11349,T2MC-16979,T2MC-14837,T2MC-16828,T2MC-16896"
SWIT-ML_ADC_Mode28DetErrorBusyDetOff,"T2MC-11161,T2MC-14816,T2MC-34052,T2MC-14817,T2MC-17571,T2MC-16984,T2MC-11349,T2MC-16979,T2MC-14837,T2MC-16828,T2MC-16896"
SWIT-ML_ADC_Mode29DetErrorBusyDetOff,"T2MC-11161,T2MC-14816,T2MC-14817,T2MC-17571,T2MC-16984,T2MC-11349,T2MC-16979,T2MC-14837,T2MC-16828,T2MC-16896"
SWIT-ML_ADC_Mode29DetErrorBusyDetOff,"T2MC-11161,T2MC-14816,T2MC-14817,T2MC-17571,T2MC-16984,T2MC-11349,T2MC-16979,T2MC-14837,T2MC-16828,T2MC-16896"
SWIT-ML_ADC_Mode30DetErrorBusyDetOff,"T2MC-11161,T2MC-14816,T2MC-34052,T2MC-14817,T2MC-17571,T2MC-16984,T2MC-11349,T2MC-16979,T2MC-14837,T2MC-16828,T2MC-16896"
SWIT-ML_ADC_Mode30DetErrorBusyDetOff,"T2MC-11161,T2MC-14816,T2MC-34052,T2MC-14817,T2MC-17571,T2MC-16984,T2MC-11349,T2MC-16979,T2MC-14837,T2MC-16828,T2MC-16896"
SWIT-ML_ADC_Mode30DetErrorBusyDetOff,"T2MC-11161,T2MC-14816,T2MC-34052,T2MC-14817,T2MC-17571,T2MC-16984,T2MC-11349,T2MC-16979,T2MC-14837,T2MC-16828,T2MC-16896"
SWIT-ML_ADC_Mode31DetErrorBusyDetOff,"T2MC-11161,T2MC-14816,T2MC-14817,T2MC-17571,T2MC-16984,T2MC-11349,T2MC-16979,T2MC-14837,T2MC-16828,T2MC-16896"
SWIT-ML_ADC_Mode31DetErrorBusyDetOff,"T2MC-11161,T2MC-14816,T2MC-14817,T2MC-17571,T2MC-16984,T2MC-11349,T2MC-16979,T2MC-14837,T2MC-16828,T2MC-16896"
SWIT-ML_ADC_Mode32DetErrorBusyDetOff,"T2MC-11161,T2MC-14816,T2MC-34052,T2MC-14817,T2MC-17571,T2MC-16984,T2MC-11349,T2MC-16979,T2MC-14837,T2MC-16828,T2MC-16896"
SWIT-ML_ADC_Mode32DetErrorBusyDetOff,"T2MC-11161,T2MC-14816,T2MC-34052,T2MC-14817,T2MC-17571,T2MC-16984,T2MC-11349,T2MC-16979,T2MC-14837,T2MC-16828,T2MC-16896"
SWIT-ML_ADC_Mode32DetErrorBusyDetOff,"T2MC-11161,T2MC-14816,T2MC-34052,T2MC-14817,T2MC-17571,T2MC-16984,T2MC-11349,T2MC-16979,T2MC-14837,T2MC-16828,T2MC-16896"
SWIT-ML_ADC_Mode33DetErrorBusyDetOff,"T2MC-11161,T2MC-14816,T2MC-14817,T2MC-17571,T2MC-16984,T2MC-11349,T2MC-16979,T2MC-14837,T2MC-16828,T2MC-16896"
SWIT-ML_ADC_Mode33DetErrorBusyDetOff,"T2MC-11161,T2MC-14816,T2MC-14817,T2MC-17571,T2MC-16984,T2MC-11349,T2MC-16979,T2MC-14837,T2MC-16828,T2MC-16896"
SWIT-ML_ADC_Mode34DetErrorBusyDetOff,"T2MC-11161,T2MC-14816,T2MC-34052,T2MC-14817,T2MC-17571,T2MC-16984,T2MC-11349,T2MC-16979,T2MC-14837,T2MC-16828,T2MC-16896"
SWIT-ML_ADC_Mode34DetErrorBusyDetOff,"T2MC-11161,T2MC-14816,T2MC-34052,T2MC-14817,T2MC-17571,T2MC-16984,T2MC-11349,T2MC-16979,T2MC-14837,T2MC-16828,T2MC-16896"
SWIT-ML_ADC_Mode34DetErrorBusyDetOff,"T2MC-11161,T2MC-14816,T2MC-34052,T2MC-14817,T2MC-17571,T2MC-16984,T2MC-11349,T2MC-16979,T2MC-14837,T2MC-16828,T2MC-16896"
SWIT-ML_ADC_Mode35DetErrorBusyDetOff,"T2MC-11161,T2MC-14816,T2MC-14817,T2MC-17571,T2MC-16984,T2MC-11349,T2MC-16979,T2MC-14837,T2MC-16828,T2MC-16896"
SWIT-ML_ADC_Mode35DetErrorBusyDetOff,"T2MC-11161,T2MC-14816,T2MC-14817,T2MC-17571,T2MC-16984,T2MC-11349,T2MC-16979,T2MC-14837,T2MC-16828,T2MC-16896"
SWIT-ML_ADC_Mode36DetErrorBusyDetOff,"T2MC-11161,T2MC-14816,T2MC-34052,T2MC-14817,T2MC-17571,T2MC-16984,T2MC-11349,T2MC-16979,T2MC-14837,T2MC-16828,T2MC-16896"
SWIT-ML_ADC_Mode36DetErrorBusyDetOff,"T2MC-11161,T2MC-14816,T2MC-34052,T2MC-14817,T2MC-17571,T2MC-16984,T2MC-11349,T2MC-16979,T2MC-14837,T2MC-16828,T2MC-16896"
SWIT-ML_ADC_Mode36DetErrorBusyDetOff,"T2MC-11161,T2MC-14816,T2MC-34052,T2MC-14817,T2MC-17571,T2MC-16984,T2MC-11349,T2MC-16979,T2MC-14837,T2MC-16828,T2MC-16896"
SWIT-ML_ADC_Mode37DetErrorBusyDetOff,"T2MC-11161,T2MC-14816,T2MC-14817,T2MC-17571,T2MC-16984,T2MC-11349,T2MC-16979,T2MC-14837,T2MC-16828,T2MC-16896"
SWIT-ML_ADC_Mode37DetErrorBusyDetOff,"T2MC-11161,T2MC-14816,T2MC-14817,T2MC-17571,T2MC-16984,T2MC-11349,T2MC-16979,T2MC-14837,T2MC-16828,T2MC-16896"
SWIT-ML_ADC_Mode37DetErrorBusyDetOff,"T2MC-11161,T2MC-14816,T2MC-14817,T2MC-17571,T2MC-16984,T2MC-11349,T2MC-16979,T2MC-14837,T2MC-16828,T2MC-16896"
SWIT-ML_ADC_Mode38DetErrorBusyDetOff,"T2MC-11161,T2MC-14816,T2MC-34052,T2MC-14817,T2MC-17571,T2MC-16984,T2MC-11349,T2MC-16979,T2MC-14837,T2MC-16828,T2MC-16896"
SWIT-ML_ADC_Mode38DetErrorBusyDetOff,"T2MC-11161,T2MC-14816,T2MC-34052,T2MC-14817,T2MC-17571,T2MC-16984,T2MC-11349,T2MC-16979,T2MC-14837,T2MC-16828,T2MC-16896"
SWIT-ML_ADC_Mode38DetErrorBusyDetOff,"T2MC-11161,T2MC-14816,T2MC-34052,T2MC-14817,T2MC-17571,T2MC-16984,T2MC-11349,T2MC-16979,T2MC-14837,T2MC-16828,T2MC-16896"
SWIT-ML_ADC_Mode38DetErrorBusyDetOff,"T2MC-11161,T2MC-14816,T2MC-34052,T2MC-14817,T2MC-17571,T2MC-16984,T2MC-11349,T2MC-16979,T2MC-14837,T2MC-16828,T2MC-16896"
SWIT-ML_ADC_Mode39DetErrorBusyDetOff,"T2MC-11161,T2MC-14816,T2MC-14817,T2MC-17571,T2MC-16984,T2MC-11349,T2MC-16979,T2MC-14837,T2MC-16828,T2MC-16896"
SWIT-ML_ADC_Mode39DetErrorBusyDetOff,"T2MC-11161,T2MC-14816,T2MC-14817,T2MC-17571,T2MC-16984,T2MC-11349,T2MC-16979,T2MC-14837,T2MC-16828,T2MC-16896"
SWIT-ML_ADC_Mode39DetErrorBusyDetOff,"T2MC-11161,T2MC-14816,T2MC-14817,T2MC-17571,T2MC-16984,T2MC-11349,T2MC-16979,T2MC-14837,T2MC-16828,T2MC-16896"
SWIT-ML_ADC_Mode40DetErrorBusyDetOff,"T2MC-11161,T2MC-14816,T2MC-34052,T2MC-14817,T2MC-17571,T2MC-16984,T2MC-11349,T2MC-16979,T2MC-14837,T2MC-16828,T2MC-16896"
SWIT-ML_ADC_Mode40DetErrorBusyDetOff,"T2MC-11161,T2MC-14816,T2MC-34052,T2MC-14817,T2MC-17571,T2MC-16984,T2MC-11349,T2MC-16979,T2MC-14837,T2MC-16828,T2MC-16896"
SWIT-ML_ADC_Mode40DetErrorBusyDetOff,"T2MC-11161,T2MC-14816,T2MC-34052,T2MC-14817,T2MC-17571,T2MC-16984,T2MC-11349,T2MC-16979,T2MC-14837,T2MC-16828,T2MC-16896"
SWIT-ML_ADC_Mode40DetErrorBusyDetOff,"T2MC-11161,T2MC-14816,T2MC-34052,T2MC-14817,T2MC-17571,T2MC-16984,T2MC-11349,T2MC-16979,T2MC-14837,T2MC-16828,T2MC-16896"
SWIT-ML_ADC_DetErrorUninitDetOff,"T2MC-11162,T2MC-14816,T2MC-14817,T2MC-17571,T2MC-16984,T2MC-11349,T2MC-16979"
