SWIT-ML_ADC_CalibrationTest,"T2MC-41041,T2MC-41044,T2MC-26849,T2MC-17001,T2MC-41783,T2MC-41039,T2MC-41784,T2MC-41038,T2MC-14828,T2MC-29139,T2MC-14837,T2MC-41823,T2MC-41839"
SWIT-ML_ADC_CalibrationTest,"T2MC-41041,T2MC-41044,T2MC-26849,T2MC-17001,T2MC-41783,T2MC-41039,T2MC-41784,T2MC-41038,T2MC-14828,T2MC-29139,T2MC-14837,T2MC-41823,T2MC-41839,T2MC-16929,T2MC-11395,T2MC-11399"
SWIT-ML_ADC_CalibrationTest,"T2MC-41041,T2MC-41044,T2MC-26849,T2MC-17001,T2MC-41783,T2MC-41039,T2MC-41784,T2MC-41038,T2MC-14828,T2MC-29139,T2MC-14837,T2MC-41823,T2MC-41839"
SWIT-ML_ADC_CalibrationTest,"T2MC-41041,T2MC-41044,T2MC-26849,T2MC-17001,T2MC-41783,T2MC-41039,T2MC-41784,T2MC-41038,T2MC-14828,T2MC-29139,T2MC-14837,T2MC-41823,T2MC-41839"
SWIT-ML_ADC_CalibrationTest,"T2MC-41041,T2MC-41044,T2MC-26849,T2MC-17001,T2MC-41783,T2MC-41039,T2MC-41784,T2MC-41038,T2MC-14828,T2MC-29139,T2MC-14837,T2MC-41823,T2MC-41839"
SWIT-ML_ADC_CalibrationTest,"T2MC-41041,T2MC-41044,T2MC-26849,T2MC-17001,T2MC-41783,T2MC-41039,T2MC-41784,T2MC-41038,T2MC-14828,T2MC-29139,T2MC-14837,T2MC-41823,T2MC-41839"
SWIT-ML_ADC_CalibrationTest,"T2MC-41041,T2MC-41044,T2MC-26849,T2MC-17001,T2MC-41783,T2MC-41039,T2MC-41784,T2MC-41038,T2MC-14828,T2MC-29139,T2MC-14837,T2MC-41823,T2MC-41839"
SWIT-ML_ADC_CalibrationTest,"T2MC-41041,T2MC-41044,T2MC-26849,T2MC-17001,T2MC-41783,T2MC-41039,T2MC-41784,T2MC-41038,T2MC-14828,T2MC-29139,T2MC-14837,T2MC-41823,T2MC-41839"
SWIT-ML_ADC_CalibrationTest,"T2MC-41041,T2MC-41044,T2MC-26849,T2MC-17001,T2MC-41783,T2MC-41039,T2MC-41784,T2MC-41038,T2MC-14828,T2MC-29139,T2MC-14837,T2MC-41823,T2MC-41839"
SWIT-ML_ADC_CalibrationTest,"T2MC-41041,T2MC-41044,T2MC-26849,T2MC-17001,T2MC-41783,T2MC-41039,T2MC-41784,T2MC-41038,T2MC-14828,T2MC-29139,T2MC-14837,T2MC-41823,T2MC-41839"
SWIT-ML_ADC_CalibrationTest,"T2MC-41041,T2MC-41044,T2MC-26849,T2MC-17001,T2MC-41783,T2MC-41039,T2MC-41784,T2MC-41038,T2MC-14828,T2MC-29139,T2MC-14837,T2MC-41823,T2MC-41839"
SWIT-ML_ADC_CalibrationTest,"T2MC-41041,T2MC-41044,T2MC-26849,T2MC-17001,T2MC-41783,T2MC-41039,T2MC-41784,T2MC-41038,T2MC-14828,T2MC-29139,T2MC-14837,T2MC-41823,T2MC-41839"
SWIT-ML_ADC_CalibrationTest,"T2MC-41041,T2MC-41044,T2MC-26849,T2MC-17001,T2MC-41783,T2MC-41039,T2MC-41784,T2MC-41038,T2MC-14828,T2MC-29139,T2MC-14837,T2MC-41823,T2MC-41839"
SWIT-ML_ADC_CalibrationTest,"T2MC-41041,T2MC-41044,T2MC-26849,T2MC-17001,T2MC-41783,T2MC-41039,T2MC-41784,T2MC-41038,T2MC-14828,T2MC-29139,T2MC-14837,T2MC-41823,T2MC-41839"
SWIT-ML_ADC_CalibrationTest,"T2MC-41041,T2MC-41044,T2MC-26849,T2MC-17001,T2MC-41783,T2MC-41039,T2MC-41784,T2MC-41038,T2MC-14828,T2MC-29139,T2MC-14837,T2MC-41823,T2MC-41839"
SWIT-ML_ADC_CalibrationTest,"T2MC-41041,T2MC-41044,T2MC-26849,T2MC-17001,T2MC-41783,T2MC-41039,T2MC-41784,T2MC-41038,T2MC-14828,T2MC-29139,T2MC-14837,T2MC-41823,T2MC-41839"
SWIT-ML_ADC_CalibrationUpdateTest,"T2MC-41041,T2MC-41044,T2MC-26849,T2MC-17001,T2MC-41783,T2MC-41039,T2MC-41784,T2MC-41038,T2MC-14828,T2MC-29139,T2MC-14837,T2MC-41823,T2MC-41839"
SWIT-ML_ADC_CalibrationUpdateTest,"T2MC-41041,T2MC-41044,T2MC-26849,T2MC-17001,T2MC-41783,T2MC-41039,T2MC-41784,T2MC-41038,T2MC-14828,T2MC-29139,T2MC-14837,T2MC-41823,T2MC-41839"
SWIT-ML_ADC_DetErrorParamGainDetOff,"T2MC-41045,T2MC-14816,T2MC-14817,T2MC-17571,T2MC-16984,T2MC-11349,T2MC-16979,T2MC-41823,T2MC-41839"
SWIT-ML_ADC_DetErrorParamGainDetOn,"T2MC-41045,T2MC-14817,T2MC-17571,T2MC-16984,T2MC-11349,T2MC-16979,T2MC-11315,T2MC-41823,T2MC-41839"
SWIT-ML_ADC_DetErrorParamHwUnitDetOff,"T2MC-41045,T2MC-14816,T2MC-14817,T2MC-17571,T2MC-16984,T2MC-11349,T2MC-16979,T2MC-41823,T2MC-41839"
SWIT-ML_ADC_DetErrorParamHwUnitDetOn,"T2MC-41045,T2MC-14817,T2MC-17571,T2MC-16984,T2MC-11349,T2MC-16979,T2MC-11315,T2MC-41823,T2MC-41839"
SWIT-ML_ADC_DetErrorParamUpdateDetOff,"T2MC-41045,T2MC-14816,T2MC-14817,T2MC-17571,T2MC-16984,T2MC-11349,T2MC-16979,T2MC-41823,T2MC-41839"
SWIT-ML_ADC_DetErrorParamUpdateDetOn,"T2MC-41045,T2MC-14817,T2MC-17571,T2MC-16984,T2MC-11349,T2MC-16979,T2MC-11315,T2MC-41823,T2MC-41839"
SWIT-ML_ADC_DetErrorUninitDetOff,"T2MC-41045,T2MC-14816,T2MC-14817,T2MC-17571,T2MC-16984,T2MC-11349,T2MC-16979,T2MC-41823,T2MC-41839"
SWIT-ML_ADC_DetErrorUninitDetOn,"T2MC-41045,T2MC-14817,T2MC-17571,T2MC-16984,T2MC-11349,T2MC-16979,T2MC-11315,T2MC-41823,T2MC-41839"
