T2MC-9860,CY_MCAL_COMMON_050,REQ
T2MC-9861,CY_MCAL_COMMON_051,REQ
T2MC-9862,CY_MCAL_COMMON_052,REQ
T2MC-9863,CY_MCAL_COMMON_053,REQ
T2MC-9865,CY_MCAL_COMMON_054,REQ
T2MC-9867,CY_MCAL_COMMON_055,REQ
T2MC-9868,CY_MCAL_COMMON_056,REQ
T2MC-9869,CY_MCAL_COMMON_057,REQ
T2MC-9871,CY_MCAL_COMMON_058,REQ
T2MC-9879,CY_MCAL_COMMON_061,REQ
T2MC-9882,CY_MCAL_COMMON_062,REQ
T2MC-9886,CY_MCAL_COMMON_064,REQ
T2MC-9889,CY_FS_COMMON_001,REQ
T2MC-9890,CY_FS_COMMON_002,REQ
T2MC-9902,CY_FS_COMMON_008,REQ
T2MC-9903,CY_FS_COMMON_009,REQ
T2MC-9904,CY_FS_COMMON_010,REQ
T2MC-9905,CY_FS_COMMON_011,REQ
T2MC-9910,CY_FS_COMMON_012,REQ
T2MC-9912,CY_FS_COMMON_013,REQ
T2MC-9913,CY_FS_COMMON_014,REQ
T2MC-9914,CY_FS_COMMON_015,REQ
T2MC-9915,CY_FS_COMMON_016,REQ
T2MC-9917,CY_FS_COMMON_017,REQ
T2MC-9919,CY_FS_COMMON_018,REQ
T2MC-9920,CY_FS_COMMON_019,REQ
T2MC-9921,CY_FS_COMMON_020,REQ
T2MC-9922,CY_FS_COMMON_021,REQ
T2MC-9924,CY_FS_COMMON_022,REQ
T2MC-9925,CY_FS_COMMON_023,REQ
T2MC-9926,CY_FS_COMMON_024,REQ
T2MC-9927,CY_MCAL_COMMON_065,REQ
T2MC-9928,CY_FS_COMMON_025,REQ
T2MC-9929,CY_MCAL_COMMON_066,REQ
T2MC-9930,CY_FS_COMMON_026,REQ
T2MC-9933,CY_FS_COMMON_028,REQ
T2MC-9941,CY_MCAL_COMMON_067,REQ
T2MC-9942,CY_MCAL_COMMON_068,REQ
T2MC-9943,CY_MCAL_COMMON_069,REQ
T2MC-9944,CY_MCAL_COMMON_070,REQ
T2MC-9945,CY_MCAL_COMMON_071,REQ
T2MC-9948,CY_MCAL_COMMON_072,REQ
T2MC-9949,CY_MCAL_COMMON_073,REQ
T2MC-9950,CY_MCAL_COMMON_074,REQ
T2MC-9951,CY_MCAL_COMMON_075,REQ
T2MC-9952,CY_MCAL_COMMON_076,REQ
T2MC-9953,CY_MCAL_COMMON_077,REQ
T2MC-9954,CY_MCAL_COMMON_078,REQ
T2MC-9955,CY_MCAL_COMMON_079,REQ
T2MC-9956,CY_MCAL_COMMON_002,REQ
T2MC-9958,CY_MCAL_COMMON_080,REQ
T2MC-9961,CY_MCAL_COMMON_082,REQ
T2MC-9962,CY_MCAL_COMMON_083,REQ
T2MC-9963,CY_MCAL_COMMON_084,REQ
T2MC-9964,CY_MCAL_COMMON_085,REQ
T2MC-9965,CY_MCAL_COMMON_086,REQ
T2MC-9966,CY_MCAL_COMMON_087,REQ
T2MC-9967,CY_MCAL_COMMON_088,REQ
T2MC-9968,CY_MCAL_COMMON_003,REQ
T2MC-9969,CY_MCAL_COMMON_089,REQ
T2MC-9970,CY_MCAL_COMMON_090,REQ
T2MC-9972,CY_MCAL_COMMON_091,REQ
T2MC-9973,CY_MCAL_COMMON_092,REQ
T2MC-9974,CY_MCAL_COMMON_093,REQ
T2MC-9975,CY_MCAL_COMMON_094,REQ
T2MC-10005,"SRS_Adc_12307	",REQ
T2MC-10007,"SRS_Adc_12447	",REQ
T2MC-10009,"SRS_Adc_12817	",REQ
T2MC-10011,"SRS_Adc_12818	",REQ
T2MC-10013,"SRS_Adc_12821	",REQ
T2MC-10015,"SRS_Adc_12820	",REQ
T2MC-10017,"SRS_Adc_12280	",REQ
T2MC-10020,"SRS_Adc_12283	",REQ
T2MC-10022,"SRS_Adc_12824	",REQ
T2MC-10024,"SRS_Adc_12819	",REQ
T2MC-10026,"SRS_Adc_12822	",REQ
T2MC-10028,"SRS_Adc_12317	",REQ
T2MC-10030,"SRS_Adc_12291	",REQ
T2MC-10032,"SRS_Adc_12318	",REQ
T2MC-10034,"SRS_Adc_12364	",REQ
T2MC-10036,"SRS_Adc_12292	",REQ
T2MC-10038,"SRS_Adc_12288	",REQ
T2MC-10040,"SRS_Adc_12802	",REQ
T2MC-10042,"SRS_Adc_12823	",REQ
T2MC-10044,"SRS_Adc_12825	",REQ
T2MC-10046,SRS_Adc_12826,REQ
T2MC-10048,SRS_Adc_12827,REQ
T2MC-10050,SRS_ADC_12828,REQ
T2MC-10052,SRS_ADC_12829,REQ
T2MC-10426,CY_MCAL_COMMON_017,REQ
T2MC-10427,CY_MCAL_COMMON_018,REQ
T2MC-10428,CY_MCAL_COMMON_100,REQ
T2MC-10430,CY_MCAL_COMMON_019,REQ
T2MC-10431,CY_MCAL_COMMON_020,REQ
T2MC-10432,CY_MCAL_COMMON_021,REQ
T2MC-10433,CY_MCAL_COMMON_022,REQ
T2MC-10434,CY_MCAL_COMMON_023,REQ
T2MC-10435,CY_MCAL_COMMON_024,REQ
T2MC-10436,CY_MCAL_COMMON_025,REQ
T2MC-10437,CY_MCAL_COMMON_026,REQ
T2MC-10463,MCAL_Gen_01,REQ
T2MC-10464,MCAL_Gen_02,REQ
T2MC-10465,MCAL_Gen_03,REQ
T2MC-10466,MCAL_Gen_04,REQ
T2MC-10467,MCAL_Gen_05,REQ
T2MC-10468,MCAL_Gen_06,REQ
T2MC-10469,MCAL_Gen_07,REQ
T2MC-10470,MCAL_Gen_08,REQ
T2MC-10471,MCAL_Gen_09,REQ
T2MC-10472,MCAL_Gen_10,REQ
T2MC-10473,MCAL_Gen_11,REQ
T2MC-10474,MCAL_Gen_12,REQ
T2MC-10475,MCAL_Gen_13,REQ
T2MC-10476,MCAL_Gen_14,REQ
T2MC-10477,MCAL_Gen_15,REQ
T2MC-10478,MCAL_Gen_16,REQ
T2MC-10479,MCAL_Gen_17,REQ
T2MC-10480,MCAL_Gen_18,REQ
T2MC-10481,MCAL_Gen_19,REQ
T2MC-10482,MCAL_Gen_20,REQ
T2MC-10483,MCAL_Gen_21,REQ
T2MC-10484,MCAL_Gen_22,REQ
T2MC-10485,MCAL_Gen_23,REQ
T2MC-10486,MCAL_Gen_24,REQ
T2MC-10488,CY_MCAL_ADC_073,REQ
T2MC-10489,CY_MCAL_ADC_072,REQ
T2MC-10490,CY_MCAL_ADC_071,REQ
T2MC-10491,CY_MCAL_ADC_070,REQ
T2MC-10492,CY_MCAL_ADC_069,REQ
T2MC-10493,CY_MCAL_ADC_001,REQ
T2MC-10495,CY_MCAL_ADC_002,REQ
T2MC-10496,CY_MCAL_ADC_003,REQ
T2MC-10497,CY_MCAL_ADC_004,REQ
T2MC-10498,CY_MCAL_ADC_005,REQ
T2MC-10499,CY_MCAL_ADC_006,REQ
T2MC-10500,MCAL_ADC_04,REQ
T2MC-10501,MCAL_ADC_07,REQ
T2MC-10502,MCAL_ADC_09,REQ
T2MC-10503,MCAL_ADC_10,REQ
T2MC-10504,MCAL_ADC_11,REQ
T2MC-10505,MCAL_ADC_12,REQ
T2MC-10506,MCAL_ADC_13,REQ
T2MC-10507,MCAL_ADC_17,REQ
T2MC-10508,MCAL_ADC_18,REQ
T2MC-10509,MCAL_ADC_19,REQ
T2MC-10510,MCAL_ADC_21,REQ
T2MC-10511,MCAL_ADC_22,REQ
T2MC-10514,MCAL_ADC_25,REQ
T2MC-10616,MCAL_PWMDIAG_08,REQ
T2MC-10617,MCAL_PWMDIAG_09,REQ
T2MC-10618,MCAL_PWMDIAG_10,REQ
T2MC-10619,MCAL_PWMDIAG_11,REQ
T2MC-10620,MCAL_PWMDIAG_12,REQ
T2MC-10651,CY_MCAL_COMMON_110,REQ
T2MC-10653,CY_MCAL_COMMON_116,REQ
T2MC-10654,CY_MCAL_COMMON_117,REQ
T2MC-10655,CY_MCAL_COMMON_004,REQ
T2MC-10656,CY_MCAL_COMMON_005,REQ
T2MC-10657,CY_MCAL_COMMON_006,REQ
T2MC-10658,CY_MCAL_COMMON_007,REQ
T2MC-10659,CY_MCAL_COMMON_118,REQ
T2MC-10660,CY_MCAL_COMMON_008,REQ
T2MC-10661,CY_MCAL_COMMON_009,REQ
T2MC-10663,CY_MCAL_COMMON_011,REQ
T2MC-10665,CY_MCAL_COMMON_111,REQ
T2MC-10666,CY_MCAL_COMMON_112,REQ
T2MC-10667,CY_MCAL_COMMON_119,REQ
T2MC-10668,CY_MCAL_COMMON_120,REQ
T2MC-10669,CY_MCAL_COMMON_012,REQ
T2MC-10670,CY_MCAL_COMMON_013,REQ
T2MC-10671,CY_MCAL_COMMON_113,REQ
T2MC-10672,CY_MCAL_COMMON_121,REQ
T2MC-10673,CY_MCAL_COMMON_122,REQ
T2MC-10674,CY_MCAL_COMMON_114,REQ
T2MC-10675,CY_MCAL_COMMON_123,REQ
T2MC-10676,CY_MCAL_COMMON_014,REQ
T2MC-10677,CY_MCAL_COMMON_015,REQ
T2MC-10989,SWS_Adc_00267,REQ
T2MC-10994,SWS_Adc_00090,REQ
T2MC-10995,SWS_Adc_00091,REQ
T2MC-10996,SWS_Adc_00451,REQ
T2MC-10997,SWS_Adc_00092,REQ
T2MC-10998,SWS_Adc_00277,REQ
T2MC-10999,SWS_Adc_00380,REQ
T2MC-11000,SWS_Adc_00381,REQ
T2MC-11001,SWS_Adc_00356,REQ
T2MC-11002,SWS_Adc_00357,REQ
T2MC-11003,SWS_Adc_00279,REQ
T2MC-11004,SWS_Adc_00382,REQ
T2MC-11005,SWS_Adc_00383,REQ
T2MC-11006,SWS_Adc_00140,REQ
T2MC-11007,SWS_Adc_00384,REQ
T2MC-11008,SWS_Adc_00288,REQ
T2MC-11009,SWS_Adc_00310,REQ
T2MC-11010,SWS_Adc_00345,REQ
T2MC-11011,SWS_Adc_00430,REQ
T2MC-11012,SWS_Adc_00311,REQ
T2MC-11013,SWS_Adc_00312,REQ
T2MC-11014,SWS_Adc_00289,REQ
T2MC-11015,SWS_Adc_00315,REQ
T2MC-11016,SWS_Adc_00340,REQ
T2MC-11017,SWS_Adc_00341,REQ
T2MC-11018,SWS_Adc_00339,REQ
T2MC-11019,SWS_Adc_00332,REQ
T2MC-11020,SWS_Adc_00417,REQ
T2MC-11021,SWS_Adc_00333,REQ
T2MC-11022,SWS_Adc_00335,REQ
T2MC-11023,SWS_Adc_00336,REQ
T2MC-11024,SWS_Adc_00337,REQ
T2MC-11025,SWS_Adc_00338,REQ
T2MC-11026,SWS_Adc_00060,REQ
T2MC-11027,SWS_Adc_00413,REQ
T2MC-11028,SWS_Adc_00503,REQ
T2MC-11029,SWS_Adc_00414,REQ
T2MC-11030,SWS_Adc_00415,REQ
T2MC-11031,SWS_Adc_00445,REQ
T2MC-11032,SWS_Adc_00446,REQ
T2MC-11033,SWS_Adc_00447,REQ
T2MC-11034,SWS_Adc_00448,REQ
T2MC-11035,SWS_Adc_00449,REQ
T2MC-11036,SWS_Adc_00450,REQ
T2MC-11045,SWS_Adc_00280,REQ
T2MC-11058,SWS_Adc_00462,REQ
T2MC-11059,SWS_Adc_00463,REQ
T2MC-11060,SWS_Adc_00464,REQ
T2MC-11061,SWS_Adc_00465,REQ
T2MC-11062,SWS_Adc_00466,REQ
T2MC-11063,SWS_Adc_00467,REQ
T2MC-11064,SWS_Adc_00469,REQ
T2MC-11065,SWS_Adc_00470,REQ
T2MC-11066,SWS_Adc_00471,REQ
T2MC-11067,SWS_Adc_00472,REQ
T2MC-11068,SWS_Adc_00473,REQ
T2MC-11077,SWS_Adc_00364,REQ
T2MC-11080,SWS_Adc_00505,REQ
T2MC-11082,SWS_Adc_00506,REQ
T2MC-11084,SWS_Adc_00507,REQ
T2MC-11086,SWS_Adc_00508,REQ
T2MC-11087,SWS_Adc_00318,REQ
T2MC-11088,SWS_Adc_00319,REQ
T2MC-11089,SWS_Adc_00320,REQ
T2MC-11091,SWS_Adc_00509,REQ
T2MC-11093,SWS_Adc_00510,REQ
T2MC-11095,SWS_Adc_00511,REQ
T2MC-11097,SWS_Adc_00512,REQ
T2MC-11099,SWS_Adc_00513,REQ
T2MC-11101,SWS_Adc_00514,REQ
T2MC-11103,SWS_Adc_00515,REQ
T2MC-11105,SWS_Adc_00516,REQ
T2MC-11107,SWS_Adc_00517,REQ
T2MC-11109,SWS_Adc_00518,REQ
T2MC-11111,SWS_Adc_00519,REQ
T2MC-11113,SWS_Adc_00528,REQ
T2MC-11115,SWS_Adc_00520,REQ
T2MC-11117,SWS_Adc_00521,REQ
T2MC-11119,SWS_Adc_00522,REQ
T2MC-11121,SWS_Adc_00523,REQ
T2MC-11123,SWS_Adc_00524,REQ
T2MC-11125,SWS_Adc_00525,REQ
T2MC-11127,SWS_Adc_00526,REQ
T2MC-11129,SWS_Adc_00527,REQ
T2MC-11132,SWS_Adc_00365,REQ
T2MC-11133,SWS_Adc_00054,REQ
T2MC-11134,SWS_Adc_00342,REQ
T2MC-11135,SWS_Adc_00056,REQ
T2MC-11136,SWS_Adc_00246,REQ
T2MC-11137,SWS_Adc_00247,REQ
T2MC-11138,SWS_Adc_00248,REQ
T2MC-11139,SWS_Adc_00249,REQ
T2MC-11140,SWS_Adc_00250,REQ
T2MC-11141,SWS_Adc_00077,REQ
T2MC-11142,SWS_Adc_00307,REQ
T2MC-11143,SWS_Adc_00343,REQ
T2MC-11144,SWS_Adc_00344,REQ
T2MC-11145,SWS_Adc_00107,REQ
T2MC-11147,SWS_Adc_00419,REQ
T2MC-11148,SWS_Adc_00420,REQ
T2MC-11149,SWS_Adc_00421,REQ
T2MC-11150,SWS_Adc_00422,REQ
T2MC-11151,SWS_Adc_00423,REQ
T2MC-11152,SWS_Adc_00433,REQ
T2MC-11153,SWS_Adc_00434,REQ
T2MC-11154,SWS_Adc_00457,REQ
T2MC-11156,SWS_Adc_00366,REQ
T2MC-11157,SWS_Adc_00110,REQ
T2MC-11158,SWS_Adc_00111,REQ
T2MC-11159,SWS_Adc_00358,REQ
T2MC-11160,SWS_Adc_00228,REQ
T2MC-11161,SWS_Adc_00112,REQ
T2MC-11162,SWS_Adc_00154,REQ
T2MC-11164,SWS_Adc_00367,REQ
T2MC-11165,SWS_Adc_00061,REQ
T2MC-11166,SWS_Adc_00431,REQ
T2MC-11167,SWS_Adc_00156,REQ
T2MC-11168,SWS_Adc_00146,REQ
T2MC-11169,SWS_Adc_00259,REQ
T2MC-11170,SWS_Adc_00125,REQ
T2MC-11171,SWS_Adc_00133,REQ
T2MC-11172,SWS_Adc_00346,REQ
T2MC-11173,SWS_Adc_00426,REQ
T2MC-11174,SWS_Adc_00348,REQ
T2MC-11175,SWS_Adc_00427,REQ
T2MC-11176,SWS_Adc_00351,REQ
T2MC-11177,SWS_Adc_00428,REQ
T2MC-11178,SWS_Adc_00294,REQ
T2MC-11179,SWS_Adc_00424,REQ
T2MC-11181,SWS_Adc_00368,REQ
T2MC-11182,SWS_Adc_00385,REQ
T2MC-11183,SWS_Adc_00437,REQ
T2MC-11184,SWS_Adc_00386,REQ
T2MC-11185,SWS_Adc_00438,REQ
T2MC-11186,SWS_Adc_00155,REQ
T2MC-11187,SWS_Adc_00360,REQ
T2MC-11188,SWS_Adc_00283,REQ
T2MC-11189,SWS_Adc_00260,REQ
T2MC-11190,SWS_Adc_00126,REQ
T2MC-11191,SWS_Adc_00164,REQ
T2MC-11192,SWS_Adc_00241,REQ
T2MC-11193,SWS_Adc_00295,REQ
T2MC-11195,SWS_Adc_00369,REQ
T2MC-11196,SWS_Adc_00075,REQ
T2MC-11197,SWS_Adc_00113,REQ
T2MC-11198,SWS_Adc_00122,REQ
T2MC-11199,SWS_Adc_00329,REQ
T2MC-11200,SWS_Adc_00330,REQ
T2MC-11201,SWS_Adc_00331,REQ
T2MC-11202,SWS_Adc_00359,REQ
T2MC-11203,SWS_Adc_00388,REQ
T2MC-11204,SWS_Adc_00152,REQ
T2MC-11205,SWS_Adc_00296,REQ
T2MC-11207,SWS_Adc_00370,REQ
T2MC-11208,SWS_Adc_00114,REQ
T2MC-11209,SWS_Adc_00144,REQ
T2MC-11210,SWS_Adc_00432,REQ
T2MC-11211,SWS_Adc_00273,REQ
T2MC-11212,SWS_Adc_00120,REQ
T2MC-11213,SWS_Adc_00265,REQ
T2MC-11214,SWS_Adc_00321,REQ
T2MC-11215,SWS_Adc_00349,REQ
T2MC-11216,SWS_Adc_00353,REQ
T2MC-11217,SWS_Adc_00128,REQ
T2MC-11218,SWS_Adc_00136,REQ
T2MC-11219,SWS_Adc_00281,REQ
T2MC-11220,SWS_Adc_00297,REQ
T2MC-11221,SWS_Adc_00425,REQ
T2MC-11223,SWS_Adc_00371,REQ
T2MC-11224,SWS_Adc_00116,REQ
T2MC-11225,SWS_Adc_00429,REQ
T2MC-11226,SWS_Adc_00145,REQ
T2MC-11227,SWS_Adc_00157,REQ
T2MC-11228,SWS_Adc_00361,REQ
T2MC-11229,SWS_Adc_00121,REQ
T2MC-11230,SWS_Adc_00266,REQ
T2MC-11231,SWS_Adc_00129,REQ
T2MC-11232,SWS_Adc_00137,REQ
T2MC-11233,SWS_Adc_00282,REQ
T2MC-11234,SWS_Adc_00304,REQ
T2MC-11235,SWS_Adc_00298,REQ
T2MC-11237,SWS_Adc_00372,REQ
T2MC-11238,SWS_Adc_00057,REQ
T2MC-11239,SWS_Adc_00100,REQ
T2MC-11240,SWS_Adc_00130,REQ
T2MC-11241,SWS_Adc_00165,REQ
T2MC-11242,SWS_Adc_00299,REQ
T2MC-11244,SWS_Adc_00373,REQ
T2MC-11245,SWS_Adc_00058,REQ
T2MC-11246,SWS_Adc_00101,REQ
T2MC-11247,SWS_Adc_00131,REQ
T2MC-11248,SWS_Adc_00166,REQ
T2MC-11249,SWS_Adc_00300,REQ
T2MC-11251,SWS_Adc_00374,REQ
T2MC-11252,SWS_Adc_00220,REQ
T2MC-11253,SWS_Adc_00221,REQ
T2MC-11254,SWS_Adc_00222,REQ
T2MC-11255,SWS_Adc_00224,REQ
T2MC-11256,SWS_Adc_00325,REQ
T2MC-11257,SWS_Adc_00226,REQ
T2MC-11258,SWS_Adc_00305,REQ
T2MC-11259,SWS_Adc_00225,REQ
T2MC-11260,SWS_Adc_00301,REQ
T2MC-11261,SWS_Adc_00436,REQ
T2MC-11263,SWS_Adc_00375,REQ
T2MC-11264,SWS_Adc_00214,REQ
T2MC-11265,SWS_Adc_00418,REQ
T2MC-11266,SWS_Adc_00387,REQ
T2MC-11267,SWS_Adc_00216,REQ
T2MC-11268,SWS_Adc_00219,REQ
T2MC-11269,SWS_Adc_00326,REQ
T2MC-11270,SWS_Adc_00327,REQ
T2MC-11271,SWS_Adc_00328,REQ
T2MC-11272,SWS_Adc_00215,REQ
T2MC-11273,SWS_Adc_00218,REQ
T2MC-11274,SWS_Adc_00302,REQ
T2MC-11276,SWS_Adc_00376,REQ
T2MC-11277,SWS_Adc_00458,REQ
T2MC-11279,SWS_Adc_00475,REQ
T2MC-11280,SWS_Adc_00481,REQ
T2MC-11281,SWS_Adc_00482,REQ
T2MC-11282,SWS_Adc_00483,REQ
T2MC-11283,SWS_Adc_00484,REQ
T2MC-11284,SWS_Adc_00485,REQ
T2MC-11285,SWS_Adc_00486,REQ
T2MC-11286,SWS_Adc_00487,REQ
T2MC-11287,SWS_Adc_00488,REQ
T2MC-11288,SWS_Adc_00489,REQ
T2MC-11289,SWS_Adc_00490,REQ
T2MC-11291,SWS_Adc_00476,REQ
T2MC-11292,SWS_Adc_00491,REQ
T2MC-11294,SWS_Adc_00477,REQ
T2MC-11295,SWS_Adc_00492,REQ
T2MC-11296,SWS_Adc_00493,REQ
T2MC-11298,SWS_Adc_00478,REQ
T2MC-11299,SWS_Adc_00494,REQ
T2MC-11300,SWS_Adc_00495,REQ
T2MC-11301,SWS_Adc_00496,REQ
T2MC-11302,SWS_Adc_00497,REQ
T2MC-11303,SWS_Adc_00498,REQ
T2MC-11307,SWS_Adc_00479,REQ
T2MC-11308,SWS_Adc_00499,REQ
T2MC-11309,SWS_Adc_00500,REQ
T2MC-11310,SWS_Adc_00501,REQ
T2MC-11311,SWS_Adc_00502,REQ
T2MC-11315,SWS_Adc_00377,REQ
T2MC-11317,SWS_Adc_00078,REQ
T2MC-11319,SWS_Adc_00082,REQ
T2MC-11320,SWS_Adc_00104,REQ
T2MC-11321,SWS_Adc_00083,REQ
T2MC-11322,SWS_Adc_00416,REQ
T2MC-11323,SWS_Adc_00084,REQ
T2MC-11324,SWS_Adc_00080,REQ
T2MC-11325,SWS_Adc_00085,REQ
T2MC-11327,SWS_Adc_00480,REQ
T2MC-11344,SWS_Adc_00363,REQ
T2MC-11347,ECUC_Adc_00027,REQ
T2MC-11348,ECUC_Adc_00404,REQ
T2MC-11349,ECUC_Adc_00405,REQ
T2MC-11350,ECUC_Adc_00452,REQ
T2MC-11351,ECUC_Adc_00391,REQ
T2MC-11352,ECUC_Adc_00406,REQ
T2MC-11353,ECUC_Adc_00105,REQ
T2MC-11354,ECUC_Adc_00408,REQ
T2MC-11355,ECUC_Adc_00457,REQ
T2MC-11356,ECUC_Adc_00458,REQ
T2MC-11357,ECUC_Adc_00393,REQ
T2MC-11358,ECUC_Adc_00394,REQ
T2MC-11359,ECUC_Adc_00444,REQ
T2MC-11360,ECUC_Adc_00409,REQ
T2MC-11362,ECUC_Adc_00459,REQ
T2MC-11363,ECUC_Adc_00461,REQ
T2MC-11364,ECUC_Adc_00460,REQ
T2MC-11366,ECUC_Adc_00390,REQ
T2MC-11368,ECUC_Adc_00268,REQ
T2MC-11369,ECUC_Adc_00011,REQ
T2MC-11370,ECUC_Adc_00455,REQ
T2MC-11371,ECUC_Adc_00392,REQ
T2MC-11372,ECUC_Adc_00453,REQ
T2MC-11373,ECUC_Adc_00454,REQ
T2MC-11374,ECUC_Adc_00456,REQ
T2MC-11375,ECUC_Adc_00089,REQ
T2MC-11376,ECUC_Adc_00023,REQ
T2MC-11377,ECUC_Adc_00019,REQ
T2MC-11378,ECUC_Adc_00290,REQ
T2MC-11380,ECUC_Adc_00028,REQ
T2MC-11381,ECUC_Adc_00317,REQ
T2MC-11382,ECUC_Adc_00397,REQ
T2MC-11383,ECUC_Adc_00398,REQ
T2MC-11384,ECUC_Adc_00287,REQ
T2MC-11385,ECUC_Adc_00435,REQ
T2MC-11386,ECUC_Adc_00399,REQ
T2MC-11387,ECUC_Adc_00400,REQ
T2MC-11388,ECUC_Adc_00401,REQ
T2MC-11389,ECUC_Adc_00402,REQ
T2MC-11390,ECUC_Adc_00316,REQ
T2MC-11391,ECUC_Adc_00292,REQ
T2MC-11392,ECUC_Adc_00014,REQ
T2MC-11393,SWS_Adc_00098,REQ
T2MC-11395,ECUC_Adc_00242,REQ
T2MC-11396,ECUC_Adc_00087,REQ
T2MC-11397,ECUC_Adc_00389,REQ
T2MC-11398,ECUC_Adc_00088,REQ
T2MC-11399,SWS_Adc_00138,REQ
T2MC-11402,ECUC_Adc_00030,REQ
T2MC-11403,ECUC_Adc_00410,REQ
T2MC-11404,ECUC_Adc_00411,REQ
T2MC-11405,ECUC_Adc_00412,REQ
T2MC-11407,SWS_Adc_00099,REQ
T2MC-11409,SWS_Adc_00460,REQ
T2MC-14808,CY_MCAL_ADC_007,REQ
T2MC-14815,CY_MCAL_ADC_008,REQ
T2MC-14816,CY_MCAL_ADC_009,REQ
T2MC-14817,CY_MCAL_ADC_010,REQ
T2MC-14818,CY_MCAL_ADC_011,REQ
T2MC-14819,CY_HW_FS_ADC_009,REQ
T2MC-14820,CY_MCAL_ADC_012,REQ
T2MC-14821,CY_MCAL_ADC_013,REQ
T2MC-14822,CY_MCAL_ADC_014,REQ
T2MC-14823,CY_MCAL_ADC_015,REQ
T2MC-14824,CY_MCAL_ADC_016,REQ
T2MC-14825,CY_MCAL_ADC_017,REQ
T2MC-14826,CY_MCAL_ADC_018,REQ
T2MC-14827,CY_MCAL_ADC_019,REQ
T2MC-14828,CY_MCAL_ADC_020,REQ
T2MC-14834,CY_MCAL_ADC_021,REQ
T2MC-14835,CY_MCAL_ADC_022,REQ
T2MC-14836,CY_MCAL_ADC_023,REQ
T2MC-14837,CY_MCAL_ADC_024,REQ
T2MC-14838,CY_MCAL_ADC_025,REQ
T2MC-14839,CY_MCAL_ADC_026,REQ
T2MC-14840,CY_MCAL_ADC_027,REQ
T2MC-14842,CY_MCAL_ADC_028,REQ
T2MC-14843,CY_MCAL_ADC_029,REQ
T2MC-14844,CY_MCAL_ADC_030,REQ
T2MC-14846,CY_MCAL_ADC_031,REQ
T2MC-14848,CY_MCAL_ADC_032,REQ
T2MC-14849,CY_MCAL_ADC_033,REQ
T2MC-14850,CY_MCAL_ADC_034,REQ
T2MC-14851,CY_MCAL_ADC_035,REQ
T2MC-14852,CY_MCAL_ADC_036,REQ
T2MC-14853,CY_MCAL_ADC_037,REQ
T2MC-14854,CY_MCAL_ADC_038,REQ
T2MC-14855,CY_MCAL_ADC_039,REQ
T2MC-14856,CY_MCAL_ADC_040,REQ
T2MC-14857,CY_MCAL_ADC_041,REQ
T2MC-14858,CY_MCAL_ADC_042,REQ
T2MC-14859,CY_MCAL_ADC_043,REQ
T2MC-14860,CY_MCAL_ADC_044,REQ
T2MC-15083,CY_MCAL_ADC_045,REQ
T2MC-15096,CY_MCAL_ADC_046,REQ
T2MC-15098,CY_MCAL_ADC_047,REQ
T2MC-15100,CY_MCAL_ADC_048,REQ
T2MC-15490,CY_MCAL_ADC_049,REQ
T2MC-15498,CY_MCAL_ADC_050,REQ
T2MC-15503,CY_MCAL_ADC_051,REQ
T2MC-15505,CY_MCAL_ADC_052,REQ
T2MC-17561,CY_MCAL_ADC_053,REQ
T2MC-17562,CY_MCAL_ADC_054,REQ
T2MC-17563,CY_MCAL_ADC_055,REQ
T2MC-17566,CY_MCAL_ADC_056,REQ
T2MC-17567,CY_MCAL_ADC_057,REQ
T2MC-17568,CY_MCAL_ADC_058,REQ
T2MC-17569,CY_MCAL_ADC_059,REQ
T2MC-17570,CY_MCAL_ADC_060,REQ
T2MC-17571,CY_MCAL_ADC_061,REQ
T2MC-17572,CY_MCAL_ADC_062,REQ
T2MC-17574,CY_MCAL_ADC_063,REQ
T2MC-17744,CY_HW_FS_ADC_007,REQ
T2MC-17745,CY_HW_FS_ADC_006,REQ
T2MC-17746,CY_HW_FS_ADC_005,REQ
T2MC-17747,CY_HW_FS_ADC_004,REQ
T2MC-17748,CY_HW_FS_ADC_003,REQ
T2MC-17749,CY_HW_FS_ADC_008,REQ
T2MC-17750,CY_MCAL_ADC_065,REQ
T2MC-17751,CY_MCAL_ADC_066,REQ
T2MC-17752,CY_HW_FS_ADC_002,REQ
T2MC-17753,CY_HW_FS_ADC_0010,REQ
T2MC-17754,CY_HW_FS_ADC_001,REQ
T2MC-26849,CY_MCAL_ADC_067,REQ
T2MC-26850,CY_MCAL_ADC_068,REQ
T2MC-29139,CY_MCAL_ADC_074,REQ
T2MC-29189,CY_MCAL_ADC_075,REQ
T2MC-29190,CY_MCAL_ADC_076,REQ
T2MC-29191,CY_MCAL_ADC_077,REQ
T2MC-29192,CY_MCAL_ADC_078,REQ
T2MC-33567,CY_MCAL_ADC_079,REQ
T2MC-33575,CY_MCAL_ADC_080,REQ
T2MC-33576,CY_MCAL_ADC_081,REQ
T2MC-33577,CY_MCAL_ADC_082,REQ
T2MC-33578,CY_MCAL_ADC_083,REQ
T2MC-34052,CY_MCAL_ADC_084,REQ
T2MC-39178,CY_MCAL_ADC_085,REQ
T2MC-39467,CY_MCAL_COMMON_124,REQ
T2MC-39468,CY_MCAL_COMMON_125,REQ
T2MC-39668,CY_MCAL_ADC_086,REQ
T2MC-41038,CY_MCAL_ADC_087,REQ
T2MC-41039,CY_MCAL_ADC_088,REQ
T2MC-41040,CY_MCAL_ADC_089,REQ
T2MC-41041,CY_MCAL_ADC_090,REQ
T2MC-41042,CY_MCAL_ADC_091,REQ
T2MC-41043,CY_MCAL_ADC_092,REQ
T2MC-41044,CY_MCAL_ADC_093,REQ
T2MC-41045,CY_MCAL_ADC_094,REQ
T2MC-43937,CY_HW_FS_ADC_0012,REQ
T2MC-43938,CY_HW_FS_ADC_0011,REQ
T2MC-57021,CY_MCAL_ADC_095,REQ
T2MC-59570,CY_HW_FS_ADC_0013,REQ
T2MC-66688,CY_MCAL_ADC_096,REQ
T2MC-66689,CY_MCAL_ADC_097,REQ
T2MC-66690,CY_MCAL_ADC_098,REQ
T2MC-66691,CY_MCAL_ADC_099,REQ
T2MC-66692,CY_MCAL_ADC_100,REQ
T2MC-66693,CY_MCAL_ADC_101,REQ
T2MC-66694,CY_MCAL_ADC_102,REQ
T2MC-66695,CY_MCAL_ADC_103,REQ
T2MC-66696,CY_MCAL_ADC_104,REQ
T2MC-66697,CY_MCAL_ADC_105,REQ
T2MC-66698,CY_MCAL_ADC_106,REQ
T2MC-16701,AdcExpectedInterfaces.DIAG,ARCH
T2MC-16702,AdcStructuralView.DIAG,ARCH
T2MC-16703,AdcConfigurablePublic.DIAG,ARCH
T2MC-16704,Adc_Cfg,ARCH
T2MC-16705,ADC_CFG_CONFIG,ARCH
T2MC-16706,ADC_CFG[AdcConfigSet_Index]_GROUP_CONFIGS,ARCH
T2MC-16707,ADC_CFG[AdcConfigSet_Index]_CHANNEL_CONFIGS,ARCH
T2MC-16708,ADC_CFG[AdcConfigSet_Index]_CHANNEL_COUNT,ARCH
T2MC-16709,ADC_CFG[AdcConfigSet_Index]_GROUP_COUNT,ARCH
T2MC-16710,ADC_CFG[AdcConfigSet_Index]_HWUNIT_CONFIGS,ARCH
T2MC-16711,ADC_CFG[AdcConfigSet_Index]_HWUNIT_COUNT,ARCH
T2MC-16712,ADC_CONFIG_SET_COUNT,ARCH
T2MC-16713,ADC_CHANNEL_VALUESIGNED,ARCH
T2MC-16714,ADC_SW_MAJOR_VERSION,ARCH
T2MC-16716,ADC_SW_MINOR_VERSION,ARCH
T2MC-16717,ADC_SW_PATCH_VERSION,ARCH
T2MC-16718,AdcConf_AdcConfigSet_[AdcConfigSet_Name],ARCH
T2MC-16720,ADC_LOWPOWER_STATES_SUPPORT,ARCH
T2MC-16721,ADC_POWER_STATE_ASYNCH_TRANSITION_MODE,ARCH
T2MC-16722,Adc_Irq,ARCH
T2MC-16723,Adc_IsrConversionDone_[Adc_Irq_number]_Cat1.FUNC,ARCH
T2MC-16724,Adc_IsrConversionDone_[Adc_Irq_number]_Cat2.FUNC,ARCH
T2MC-16725,AdcLibraryInterface.DIAG,ARCH
T2MC-16726,Adc_Data,ARCH
T2MC-16727,Adc_GetChannelConfig.FUNC,ARCH
T2MC-16728,Adc_GetConfig.FUNC,ARCH
T2MC-16729,Adc_GetGroupConfig.FUNC,ARCH
T2MC-16730,Adc_GetGroupConfigInternal.FUNC,ARCH
T2MC-16731,Adc_GetGroupCount.FUNC,ARCH
T2MC-16734,Adc_SetConfigData.FUNC,ARCH
T2MC-16735,Adc_DeInitHw.FUNC,ARCH
T2MC-16738,Adc_GetGroupStatusInternal.FUNC,ARCH
T2MC-16741,Adc_InitHw.FUNC,ARCH
T2MC-16742,Adc_GetTargetPowerStateInternal.FUNC,ARCH
T2MC-16743,Adc_SetChannelEnable.FUNC,ARCH
T2MC-16745,Adc_ClearChannelInterrupt.FUNC,ARCH
T2MC-16746,Adc_SetGroupNotification.FUNC,ARCH
T2MC-16747,Adc_SetTargetPowerStateInternal.FUNC,ARCH
T2MC-16749,Adc_GetCurrentPowerStateInternal.FUNC,ARCH
T2MC-16750,Adc_InitResultBuffer.FUNC,ARCH
T2MC-16751,Adc_IsAllTriggerEnabled.FUNC,ARCH
T2MC-16752,Adc_IsrGroupConversionFinished.FUNC,ARCH
T2MC-16753,Adc_SetCurrentPowerStateInternal.FUNC,ARCH
T2MC-16755,Adc_SetSwTrigger.FUNC,ARCH
T2MC-16756,Adc_ReadGroupInternal.FUNC,ARCH
T2MC-16761,Adc_Types,ARCH
T2MC-16765,ADC_MODULE_ID,ARCH
T2MC-16766,ADC_VENDOR_ID,ARCH
T2MC-16767,Adc_ChannelConfigType,ARCH
T2MC-16768,Adc_ChannelRangeSelectType,ARCH
T2MC-16769,Adc_ConversionTimeType,ARCH
T2MC-16771,Adc_DiagReferenceType,ARCH
T2MC-16772,Adc_GroupAccessModeType,ARCH
T2MC-16773,Adc_GroupConfigType,ARCH
T2MC-16774,Adc_GroupConvModeType,ARCH
T2MC-16775,Adc_GroupPriorityType,ARCH
T2MC-16776,Adc_GroupReplacementType,ARCH
T2MC-16777,Adc_HwTriggerSignalType,ARCH
T2MC-16778,Adc_GroupHwTriggSrcType,ARCH
T2MC-16779,Adc_HwTriggerTimerType,ARCH
T2MC-16780,Adc_HwUnitConfigType,ARCH
T2MC-16781,Adc_PowerStateRequestResultType,ARCH
T2MC-16782,Adc_PowerStateType,ARCH
T2MC-16783,Adc_PrecondCycleType,ARCH
T2MC-16784,Adc_PriorityImplementationType,ARCH
T2MC-16785,Adc_ResolutionType,ARCH
T2MC-16786,Adc_ResultAlignmentType,ARCH
T2MC-16787,Adc_SamplingModeType,ARCH
T2MC-16788,Adc_SamplingTimeType,ARCH
T2MC-16789,Adc_StreamBufferModeType,ARCH
T2MC-16790,Adc_StreamInfoType,ARCH
T2MC-16791,Adc_TriggerSourceType,ARCH
T2MC-16792,Adc_ConfigType,ARCH
T2MC-16793,Adc_ChannelType,ARCH
T2MC-16795,Adc_GroupType,ARCH
T2MC-16796,Adc_ValueGroupType,ARCH
T2MC-16797,Adc_StatusType,ARCH
T2MC-16798,Adc_StreamNumSampleType,ARCH
T2MC-16799,AdcLibraryInternal.DIAG,ARCH
T2MC-16800,Adc_Regs,ARCH
T2MC-16803,Adc_SetupChannelTriggerRegister.FUNC,ARCH
T2MC-16805,Adc_GetConversionStatusFlags.FUNC,ARCH
T2MC-16806,Adc_GetConversionValue.FUNC,ARCH
T2MC-16813,Adc_InitConfigurationRegisters.FUNC,ARCH
T2MC-16814,Adc_DeInitConfigurationRegisters.FUNC,ARCH
T2MC-16818,Adc_SetIntrMaskRegister.FUNC,ARCH
T2MC-16822,Adc_ChangeSamplingTimeRegister.FUNC,ARCH
T2MC-16826,AdcNonConfigurablePublic.DIAG,ARCH
T2MC-16827,Adc,ARCH
T2MC-16828,Adc_DeInit.FUNC,ARCH
T2MC-16829,Adc_GetCurrentPowerState.FUNC,ARCH
T2MC-16830,Adc_GetTargetPowerState.FUNC,ARCH
T2MC-16832,Adc_PreparePowerState.FUNC,ARCH
T2MC-16833,Adc_SetPowerState.FUNC,ARCH
T2MC-16834,Adc_DisableGroupNotification.FUNC,ARCH
T2MC-16835,Adc_DisableHardwareTrigger.FUNC,ARCH
T2MC-16836,Adc_EnableGroupNotification.FUNC,ARCH
T2MC-16837,Adc_EnableHardwareTrigger.FUNC,ARCH
T2MC-16838,Adc_GetGroupStatus.FUNC,ARCH
T2MC-16839,Adc_GetStreamLastPointer.FUNC,ARCH
T2MC-16840,Adc_GetVersionInfo.FUNC,ARCH
T2MC-16841,Adc_Init.FUNC,ARCH
T2MC-16842,Adc_ReadGroup.FUNC,ARCH
T2MC-16843,Adc_SetupResultBuffer.FUNC,ARCH
T2MC-16844,Adc_StartGroupConversion.FUNC,ARCH
T2MC-16845,Adc_StopGroupConversion.FUNC,ARCH
T2MC-16846,ADC_API_DEINIT,ARCH
T2MC-16847,ADC_API_DISABLE_GROUP_NOTIFICATION,ARCH
T2MC-16848,ADC_API_DISABLE_HARDWARE_TRIGGER,ARCH
T2MC-16849,ADC_API_ENABLE_GROUP_NOTIFICATION,ARCH
T2MC-16850,ADC_API_ENABLE_HARDWARE_TRIGGER,ARCH
T2MC-16851,ADC_API_GET_GROUP_STATUS,ARCH
T2MC-16852,ADC_API_GET_STREAM_LAST_POINTER,ARCH
T2MC-16853,ADC_API_GET_VERSION_INFO,ARCH
T2MC-16854,ADC_API_INIT,ARCH
T2MC-16855,ADC_API_READ_GROUP,ARCH
T2MC-16856,ADC_API_SETUP_RESULT_BUFFER,ARCH
T2MC-16857,ADC_API_START_GROUP_CONVERSION,ARCH
T2MC-16858,ADC_API_STOP_GROUP_CONVERSION,ARCH
T2MC-16859,ADC_AR_RELEASE_MAJOR_VERSION,ARCH
T2MC-16860,ADC_AR_RELEASE_MINOR_VERSION,ARCH
T2MC-16861,ADC_AR_RELEASE_REVISION_VERSION,ARCH
T2MC-16862,ADC_E_ALREADY_INITIALIZED,ARCH
T2MC-16863,ADC_E_BUFFER_UNINIT,ARCH
T2MC-16864,ADC_E_BUSY,ARCH
T2MC-16865,ADC_E_IDLE,ARCH
T2MC-16866,ADC_E_NOTIF_CAPABILITY,ARCH
T2MC-16867,ADC_E_PARAM_CONFIG,ARCH
T2MC-16868,ADC_E_PARAM_GROUP,ARCH
T2MC-16869,ADC_E_PARAM_POINTER,ARCH
T2MC-16870,ADC_E_UNINIT,ARCH
T2MC-16872,ADC_E_WRONG_CONV_MODE,ARCH
T2MC-16873,ADC_E_WRONG_TRIGG_SRC,ARCH
T2MC-16874,ADC_API_SET_POWER_STATE,ARCH
T2MC-16875,ADC_API_GET_CURRENT_POWER_STATE,ARCH
T2MC-16876,ADC_API_GET_TARGET_POWER_STATE,ARCH
T2MC-16877,ADC_API_PREPARE_POWER_STATE,ARCH
T2MC-16878,ADC_E_NOT_DISENGAGED,ARCH
T2MC-16879,ADC_E_POWER_STATE_NOT_SUPPORTED,ARCH
T2MC-16880,ADC_E_TRANSITION_NOT_POSSIBLE,ARCH
T2MC-16881,ADC_E_PERIPHERAL_NOT_PREPARED,ARCH
T2MC-16882,AdcCodeConcept.DIAG,ARCH
T2MC-16883,AdcConfigConcept.DIAG,ARCH
T2MC-16884,AdcCode.DIAG,ARCH
T2MC-16889,Adc_FileStructure.DIAG,ARCH
T2MC-16890,Adc_HeaderExternal.DIAG,ARCH
T2MC-16891,AdcGenerated.DIAG,ARCH
T2MC-16892,AdcInclude.DIAG,ARCH
T2MC-16893,AdcLibInclude.DIAG,ARCH
T2MC-16894,AdcLibSrc.DIAG,ARCH
T2MC-16895,AdcSrc.DIAG,ARCH
T2MC-16896,Adc_De-Init.DIAG,ARCH
T2MC-16897,Adc_enable_disable_notification.DIAG,ARCH
T2MC-16898,Adc_HW_trigger_conversion.DIAG,ARCH
T2MC-16900,Adc_HW_trigger_stop.DIAG,ARCH
T2MC-16901,Adc_Initialization.DIAG,ARCH
T2MC-16902,Adc_SW_trigger_conversion.DIAG,ARCH
T2MC-16904,Adc_SW_trigger_stop.DIAG,ARCH
T2MC-16905,Adc_GetCurrentPowerState.DIAG,ARCH
T2MC-16906,Adc_GetGroupStatus.DIAG,ARCH
T2MC-16907,Adc_GetStreamLastPointer.DIAG,ARCH
T2MC-16908,Adc_GetTargetPowerState.DIAG,ARCH
T2MC-16909,Adc_GetVersionInfo.DIAG,ARCH
T2MC-16910,Adc_PreparePowerState.DIAG,ARCH
T2MC-16911,Adc_ReadGroup.DIAG,ARCH
T2MC-16912,Adc_SetPowerState.DIAG,ARCH
T2MC-16913,Adc_SetupResultBuffer.DIAG,ARCH
T2MC-16914,BasicSequenceAdc.DIAG,ARCH
T2MC-16915,Adc_CONTINUOUS.DIAG,ARCH
T2MC-16916,Adc_CONTINUOUS_SINGLE-ACCESS.DIAG,ARCH
T2MC-16917,Adc_CONTINUOUS_STREAMING-ACCESS.DIAG,ARCH
T2MC-16918,Adc_ONE-SHOT.DIAG,ARCH
T2MC-16919,Adc_ONE-SHOT_HW-TRIGGER_SINGLE-ACCESS.DIAG,ARCH
T2MC-16920,Adc_ONE-SHOT_HW-TRIGGER_STREAMING-ACCESS.DIAG,ARCH
T2MC-16921,Adc_ONE-SHOT_SW-TRIGGER_SINGLE-ACCESS.DIAG,ARCH
T2MC-16922,Adc_State_Machine.DIAG,ARCH
T2MC-16923,ADC.DIAG,ARCH
T2MC-16924,AdcGeneral.DIAG,ARCH
T2MC-16925,AdcPowerStateConfig.DIAG,ARCH
T2MC-16926,AdcConfigSet.DIAG,ARCH
T2MC-16927,AdcChannel.DIAG,ARCH
T2MC-16928,AdcGroup.DIAG,ARCH
T2MC-16929,AdcHwUnit.DIAG,ARCH
T2MC-16930,Adc.CONF,ARCH
T2MC-16931,ADC_ACCESS_MODE_SINGLE.CONF,ARCH
T2MC-16932,ADC_ACCESS_MODE_STREAMING.CONF,ARCH
T2MC-16933,ADC_ALIGN_LEFT.CONF,ARCH
T2MC-16934,ADC_ALIGN_RIGHT.CONF,ARCH
T2MC-16935,ADC_CONV_MODE_CONTINUOUS.CONF,ARCH
T2MC-16936,ADC_CONV_MODE_ONESHOT.CONF,ARCH
T2MC-16937,ADC_GROUP_REPL_ABORT_RESTART.CONF,ARCH
T2MC-16938,ADC_GROUP_REPL_ABORT_RESUME.CONF,ARCH
T2MC-16939,ADC_GROUP_REPL_SUSPEND_RESUME.CONF,ARCH
T2MC-16940,ADC_HW_TRIG_BOTH_EDGES.CONF,ARCH
T2MC-16941,ADC_HW_TRIG_FALLING_EDGE.CONF,ARCH
T2MC-16942,ADC_HW_TRIG_RISING_EDGE.CONF,ARCH
T2MC-16943,ADC_HWTRIGG_SRC_GENERIC0.CONF,ARCH
T2MC-16944,ADC_HWTRIGG_SRC_GENERIC1.CONF,ARCH
T2MC-16945,ADC_HWTRIGG_SRC_GENERIC2.CONF,ARCH
T2MC-16946,ADC_HWTRIGG_SRC_GENERIC3.CONF,ARCH
T2MC-16947,ADC_HWTRIGG_SRC_GENERIC4.CONF,ARCH
T2MC-16948,ADC_HWTRIGG_SRC_TCPWM.CONF,ARCH
T2MC-16949,ADC_PRIORITY_HW.CONF,ARCH
T2MC-16952,ADC_RANGE_ALWAYS.CONF,ARCH
T2MC-16953,ADC_RANGE_BETWEEN.CONF,ARCH
T2MC-16954,ADC_RANGE_NOT_BETWEEN.CONF,ARCH
T2MC-16955,ADC_RANGE_NOT_OVER_HIGH.CONF,ARCH
T2MC-16956,ADC_RANGE_NOT_UNDER_LOW.CONF,ARCH
T2MC-16957,ADC_RANGE_OVER_HIGH.CONF,ARCH
T2MC-16958,ADC_RANGE_UNDER_LOW.CONF,ARCH
T2MC-16959,ADC_STREAM_BUFFER_CIRCULAR.CONF,ARCH
T2MC-16960,ADC_STREAM_BUFFER_LINEAR.CONF,ARCH
T2MC-16961,ADC_TRIGG_SRC_HW.CONF,ARCH
T2MC-16962,ADC_TRIGG_SRC_SW.CONF,ARCH
T2MC-16963,AdcChannel.CONF,ARCH
T2MC-16964,AdcChannelConvTime.CONF,ARCH
T2MC-16965,AdcChannelHighLimit.CONF,ARCH
T2MC-16966,AdcChannelId.CONF,ARCH
T2MC-16967,AdcChannelLimitCheck.CONF,ARCH
T2MC-16968,AdcChannelLowLimit.CONF,ARCH
T2MC-16969,AdcChannelRangeSelect.CONF,ARCH
T2MC-16970,AdcChannelRefVoltsrcHigh.CONF,ARCH
T2MC-16971,AdcChannelRefVoltsrcLow.CONF,ARCH
T2MC-16972,AdcChannelResolution.CONF,ARCH
T2MC-16973,AdcChannelResultSigned.CONF,ARCH
T2MC-16974,AdcChannelSampTime.CONF,ARCH
T2MC-16975,AdcChannelValueSigned.CONF,ARCH
T2MC-16976,AdcClockSource.CONF,ARCH
T2MC-16977,AdcConfigSet.CONF,ARCH
T2MC-16978,AdcDeInitApi.CONF,ARCH
T2MC-16979,AdcDevErrorDetect.CONF,ARCH
T2MC-16980,AdcDiagnoseEnable.CONF,ARCH
T2MC-16981,AdcEnableLimitCheck.CONF,ARCH
T2MC-16982,AdcEnableQueuing.CONF,ARCH
T2MC-16983,AdcEnableStartStopGroupApi.CONF,ARCH
T2MC-16984,AdcErrorCalloutFunction.CONF,ARCH
T2MC-16985,AdcFirstLogicalChannel.CONF,ARCH
T2MC-16986,AdcGeneral.CONF,ARCH
T2MC-16987,AdcGroup.CONF,ARCH
T2MC-16988,AdcGroupAccessMode.CONF,ARCH
T2MC-16989,AdcGroupConversionMode.CONF,ARCH
T2MC-16990,AdcGroupDefinition.CONF,ARCH
T2MC-16991,AdcGroupFirstChannelFixed.CONF,ARCH
T2MC-16992,AdcGroupHwTriggSrc.CONF,ARCH
T2MC-16993,AdcGroupId.CONF,ARCH
T2MC-16994,AdcGroupPriority.CONF,ARCH
T2MC-16995,AdcGroupReplacement.CONF,ARCH
T2MC-16996,AdcGroupTriggSrc.CONF,ARCH
T2MC-16997,AdcGrpNotifCapability.CONF,ARCH
T2MC-16998,AdcHwTriggerApi.CONF,ARCH
T2MC-16999,AdcHwTrigSignal.CONF,ARCH
T2MC-17000,AdcHwTrigTimer.CONF,ARCH
T2MC-17001,AdcHwUnit.CONF,ARCH
T2MC-17002,AdcHwUnitId.CONF,ARCH
T2MC-17003,AdcIncludeFile.CONF,ARCH
T2MC-17004,AdcInterruptMode.CONF,ARCH
T2MC-17005,AdcLowPowerStatesSupport.CONF,ARCH
T2MC-17006,AdcMaxChannelResolution.CONF,ARCH
T2MC-17007,AdcNotification.CONF,ARCH
T2MC-17008,AdcPowerState.CONF,ARCH
T2MC-17009,AdcPowerStateAsynchTransitionMode.CONF,ARCH
T2MC-17010,AdcPowerStateConfig.CONF,ARCH
T2MC-17011,AdcPowerStateReadyCbkRef.CONF,ARCH
T2MC-17012,AdcPrescale.CONF,ARCH
T2MC-17013,AdcPriorityImplementation.CONF,ARCH
T2MC-17014,AdcPublishedInformation.CONF,ARCH
T2MC-17015,AdcReadGroupApi.CONF,ARCH
T2MC-17016,AdcResultAlignment.CONF,ARCH
T2MC-17017,AdcStreamingBufferMode.CONF,ARCH
T2MC-17018,AdcStreamingNumSamples.CONF,ARCH
T2MC-17019,AdcUseDma.CONF,ARCH
T2MC-17020,AdcVersionInfoApi.CONF,ARCH
T2MC-17021,AdcDiagnosticReference.CONF,ARCH
T2MC-17022,AdcPreconditionCycle.CONF,ARCH
T2MC-17759,ADC_DEV_ERROR_DETECT,ARCH
T2MC-17760,ADC_ERROR_CALLOUT_FUNCTION,ARCH
T2MC-17761,ADC_GROUP_FIRST_CHANNEL_FIXED,ARCH
T2MC-17762,ADC_MAX_CHANNEL_RESOLUTION,ARCH
T2MC-17763,AdcConf_AdcHwUnit_[HwUnit_Name],ARCH
T2MC-17764,AdcConf_AdcChannel_[Channel_Name],ARCH
T2MC-17765,AdcConf_AdcGroup_[Group_Name],ARCH
T2MC-17766,ADC_CFG[AdcConfigSet_Index]_DMA_CONFIGS,ARCH
T2MC-17767,Adc_Internal,ARCH
T2MC-17768,Adc_IsHwTriggerEnabled.FUNC,ARCH
T2MC-17769,Adc_IsSwTriggerEnabled.FUNC,ARCH
T2MC-17770,Adc_ChangeSamplingTimeInternal.FUNC,ARCH
T2MC-17774,Adc_InitDma.FUNC,ARCH
T2MC-17777,ADC_PIN_AN0,ARCH
T2MC-17778,ADC_PIN_AN1,ARCH
T2MC-17779,ADC_PIN_AN2,ARCH
T2MC-17780,ADC_PIN_AN3,ARCH
T2MC-17781,ADC_PIN_AN4,ARCH
T2MC-17782,ADC_PIN_AN5,ARCH
T2MC-17783,ADC_PIN_AN6,ARCH
T2MC-17784,ADC_PIN_AN7,ARCH
T2MC-17785,ADC_PIN_AN8,ARCH
T2MC-17786,ADC_PIN_AN9,ARCH
T2MC-17787,ADC_PIN_AN10,ARCH
T2MC-17788,ADC_PIN_AN11,ARCH
T2MC-17789,ADC_PIN_AN12,ARCH
T2MC-17790,ADC_PIN_AN13,ARCH
T2MC-17791,ADC_PIN_AN14,ARCH
T2MC-17792,ADC_PIN_AN15,ARCH
T2MC-17793,ADC_PIN_AN16,ARCH
T2MC-17794,ADC_PIN_AN17,ARCH
T2MC-17795,ADC_PIN_AN18,ARCH
T2MC-17796,ADC_PIN_AN19,ARCH
T2MC-17797,ADC_PIN_AN20,ARCH
T2MC-17798,ADC_PIN_AN21,ARCH
T2MC-17799,ADC_PIN_AN22,ARCH
T2MC-17800,ADC_PIN_AN23,ARCH
T2MC-17801,ADC_PIN_AN24,ARCH
T2MC-17802,ADC_PIN_AN25,ARCH
T2MC-17803,ADC_PIN_AN26,ARCH
T2MC-17804,ADC_PIN_AN27,ARCH
T2MC-17805,ADC_PIN_AN28,ARCH
T2MC-17806,ADC_PIN_AN29,ARCH
T2MC-17807,ADC_PIN_AN30,ARCH
T2MC-17808,ADC_PIN_AN31,ARCH
T2MC-17809,ADC_PIN_VMOTOR,ARCH
T2MC-17810,ADC_PIN_VAUX,ARCH
T2MC-17811,ADC_PIN_AMUXBUSA,ARCH
T2MC-17812,ADC_PIN_AMUXBUSB,ARCH
T2MC-17813,ADC_PIN_VCCD,ARCH
T2MC-17814,ADC_PIN_VDDA,ARCH
T2MC-17815,ADC_PIN_VBG,ARCH
T2MC-17816,ADC_PIN_VTEMP,ARCH
T2MC-17817,ADC_SAMPLE_NORMAL,ARCH
T2MC-17818,ADC_SAMPLE_NORMAL_HALF,ARCH
T2MC-17819,ADC_SAMPLE_NORMAL_FULL,ARCH
T2MC-17820,ADC_SAMPLE_NORMAL_MUX,ARCH
T2MC-17821,ADC_SAMPLE_VREFL,ARCH
T2MC-17822,ADC_SAMPLE_VREFL_HALF,ARCH
T2MC-17823,ADC_SAMPLE_VREFL_FULL,ARCH
T2MC-17824,ADC_SAMPLE_VREFL_MUX,ARCH
T2MC-17825,ADC_SAMPLE_VREFH,ARCH
T2MC-17826,ADC_SAMPLE_VREFH_HALF,ARCH
T2MC-17827,ADC_SAMPLE_VREFH_FULL,ARCH
T2MC-17828,ADC_SAMPLE_VREFH_MUX,ARCH
T2MC-17829,ADC_SAMPLE_DIAG,ARCH
T2MC-17830,ADC_DIAG_DISABLED,ARCH
T2MC-17831,ADC_DIAG_ENABLED,ARCH
T2MC-17832,ADC_DIAG_VREFL,ARCH
T2MC-17833,ADC_DIAG_VREFH_1DIV8,ARCH
T2MC-17834,ADC_DIAG_VREFH_2DIV8,ARCH
T2MC-17835,ADC_DIAG_VREFH_3DIV8,ARCH
T2MC-17836,ADC_DIAG_VREFH_4DIV8,ARCH
T2MC-17837,ADC_DIAG_VREFH_5DIV8,ARCH
T2MC-17838,ADC_DIAG_VREFH_6DIV8,ARCH
T2MC-17839,ADC_DIAG_VREFH_7DIV8,ARCH
T2MC-17840,ADC_DIAG_VREFH,ARCH
T2MC-17841,ADC_DIAG_VREFX,ARCH
T2MC-17842,ADC_DIAG_VBG,ARCH
T2MC-17843,ADC_DIAG_VIN1,ARCH
T2MC-17844,ADC_DIAG_VIN2,ARCH
T2MC-17845,ADC_DIAG_VIN3,ARCH
T2MC-17846,ADC_DIAG_I_SOURCE,ARCH
T2MC-17847,ADC_DIAG_I_SINK,ARCH
T2MC-17848,Adc_DmaChannelConfigType,ARCH
T2MC-17850,Adc_DmaConfigType,ARCH
T2MC-17851,Adc_HwUnitType,ARCH
T2MC-17853,Adc_DmaInitChannelRegister.FUNC,ARCH
T2MC-17854,Adc_DmaStartChannelRegister.FUNC,ARCH
T2MC-17855,Adc_DmaStopChannelRegister.FUNC,ARCH
T2MC-17858,Adc_DwChStructType,ARCH
T2MC-17859,Adc_EsarMmioType,ARCH
T2MC-17860,Adc_EsarType,ARCH
T2MC-17861,Adc_ChangeSamplingTime.FUNC,ARCH
T2MC-17864,Adc_ChangeSamplingTime.DIAG,ARCH
T2MC-18351,Adc_GetStreamLastPointerInternal.FUNC,ARCH
T2MC-18352,ADC_API_CHANGE_SAMPLING_TIME,ARCH
T2MC-18354,ADC_E_PARAM_CHANNEL,ARCH
T2MC-18355,ADC_E_PARAM_HWUNIT,ARCH
T2MC-18356,ADC_E_PARAM_SAMPLING_TIME,ARCH
T2MC-18451,AdcSampleMode.CONF,ARCH
T2MC-19174,Adc_PrescaleType,ARCH
T2MC-19215,AdcConfig.DIAG,ARCH
T2MC-19216,AdcHW.DIAG,ARCH
T2MC-19229,ADC_SAR_<PASS_number>_<SAR_number>.CONF,ARCH
T2MC-19230,ADC_DIAG_I_SINK.CONF,ARCH
T2MC-19231,ADC_DIAG_I_SOURCE.CONF,ARCH
T2MC-19232,ADC_DIAG_VBG.CONF,ARCH
T2MC-19233,ADC_DIAG_VIN1.CONF,ARCH
T2MC-19234,ADC_DIAG_VIN2.CONF,ARCH
T2MC-19235,ADC_DIAG_VIN3.CONF,ARCH
T2MC-19236,ADC_DIAG_VREFH.CONF,ARCH
T2MC-19237,ADC_DIAG_VREFH_1DIV8.CONF,ARCH
T2MC-19238,ADC_DIAG_VREFH_2DIV8.CONF,ARCH
T2MC-19239,ADC_DIAG_VREFH_3DIV8.CONF,ARCH
T2MC-19240,ADC_DIAG_VREFH_4DIV8.CONF,ARCH
T2MC-19241,ADC_DIAG_VREFH_5DIV8.CONF,ARCH
T2MC-19242,ADC_DIAG_VREFH_6DIV8.CONF,ARCH
T2MC-19243,ADC_DIAG_VREFH_7DIV8.CONF,ARCH
T2MC-19244,ADC_DIAG_VREFL.CONF,ARCH
T2MC-19245,ADC_DIAG_VREFX.CONF,ARCH
T2MC-19246,ADC_SAMPLE_DIAG.CONF,ARCH
T2MC-19247,ADC_SAMPLE_NORMAL.CONF,ARCH
T2MC-19248,ADC_SAMPLE_NORMAL_FULL.CONF,ARCH
T2MC-19249,ADC_SAMPLE_NORMAL_HALF.CONF,ARCH
T2MC-19250,ADC_SAMPLE_NORMAL_MUX.CONF,ARCH
T2MC-19251,ADC_SAMPLE_VREFH.CONF,ARCH
T2MC-19252,ADC_SAMPLE_VREFH_FULL.CONF,ARCH
T2MC-19253,ADC_SAMPLE_VREFH_HALF.CONF,ARCH
T2MC-19254,ADC_SAMPLE_VREFH_MUX.CONF,ARCH
T2MC-19263,ADC_SAMPLE_VREFL.CONF,ARCH
T2MC-19264,ADC_SAMPLE_VREFL_FULL.CONF,ARCH
T2MC-19265,ADC_SAMPLE_VREFL_HALF.CONF,ARCH
T2MC-19266,ADC_SAMPLE_VREFL_MUX.CONF,ARCH
T2MC-19299,Adc_PBcfg,ARCH
T2MC-19523,Adc_ClearChannelInterruptDmaByBaseAddr.FUNC,ARCH
T2MC-20465,Adc_VoidFctPtrType,ARCH
T2MC-20945,ADC_DEINIT_API,ARCH
T2MC-20946,ADC_ENABLE_START_STOP_GROUP_API,ARCH
T2MC-20947,ADC_HW_TRIGGER_API,ARCH
T2MC-20948,ADC_READ_GROUP_API,ARCH
T2MC-20949,ADC_VERSION_INFO_API,ARCH
T2MC-20950,Adc_GroupDefType,ARCH
T2MC-21575,Adc_ClearChannelInterruptByBaseAddr.FUNC,ARCH
T2MC-21618,Adc_DwType,ARCH
T2MC-21622,Adc_EsarChStructType,ARCH
T2MC-22763,ADC_GRP_NOTIF_CAPABILITY,ARCH
T2MC-22764,Adc_Main_PowerTransitionManager.FUNC,ARCH
T2MC-22801,Adc_GetHwUnitConfigInternal.FUNC,ARCH
T2MC-22825,Adc_CheckConfigPtr.FUNC,ARCH
T2MC-22826,Adc_CheckParamConfigPtr.FUNC,ARCH
T2MC-22832,Adc_SetupChannelPostRegister.FUNC,ARCH
T2MC-22833,Adc_SetupChannelRangeRegister.FUNC,ARCH
T2MC-22834,Adc_SetupChannelSampleRegister.FUNC,ARCH
T2MC-22835,Adc_EnableChannelRegister.FUNC,ARCH
T2MC-23202,Adc_ClearChannelInterruptFlags.FUNC,ARCH
T2MC-23203,Adc_EnableGroupChannelsRegister.FUNC,ARCH
T2MC-23362,ADC_CFG[AdcConfigSet_Index]_DMA[DmaUnit]_CHANNEL_CONFIGS,ARCH
T2MC-23417,ADC_API_MAIN_POWER_TRANSITION_MANAGER,ARCH
T2MC-23498,Adc_SetupSarTrOutSel.FUNC,ARCH
T2MC-23501,Adc_DmaSetupDescriptor.FUNC,ARCH
T2MC-26584,Adc_DmaDone_[Dma_Irq_number]_Cat1.FUNC,ARCH
T2MC-26585,Adc_DmaDone_[Dma_Irq_number]_Cat2.FUNC,ARCH
T2MC-26594,Adc.ResourcePropertiesFile,ARCH
T2MC-26777,ADC_INSTANCE_ID_DET,ARCH
T2MC-27317,ADC_GEN_MODULE_ID,ARCH
T2MC-27318,ADC_GEN_VENDOR_ID,ARCH
T2MC-27319,ADC_GEN_AR_RELEASE_MAJOR_VERSION,ARCH
T2MC-27320,ADC_GEN_AR_RELEASE_MINOR_VERSION,ARCH
T2MC-27321,ADC_GEN_AR_RELEASE_REVISION_VERSION,ARCH
T2MC-27322,ADC_GEN_SW_MAJOR_VERSION,ARCH
T2MC-27323,ADC_GEN_SW_MINOR_VERSION,ARCH
T2MC-27324,ADC_GEN_SW_PATCH_VERSION,ARCH
T2MC-27326,Adc_Version,ARCH
T2MC-27327,ADC_AR_VERSION_CHECK.FUNC,ARCH
T2MC-27328,ADC_SW_VERSION_CHECK.FUNC,ARCH
T2MC-27331,ADC_EXTRA_CHECK.FUNC,ARCH
T2MC-27332,ADC_INSTANCE_ID,ARCH
T2MC-27333,ADC_STRUCT_UINT32,ARCH
T2MC-27441,AdcConf_AdcPowerStateConfig_[AdcPowerStateConfig_Name],ARCH
T2MC-27442,ADC_CFG[AdcConfigSet_Index]_DMA_HWUNIT_COUNT,ARCH
T2MC-27443,ADC_CFG[AdcConfigSet_Index]_DMA[DmaUnit]_CHANNEL_COUNT,ARCH
T2MC-27444,ADC_GROUP_MAX_COUNT,ARCH
T2MC-27445,ADC_REGISTER_BASE_PASS_MMIO,ARCH
T2MC-27446,ADC_REGISTER_BASE_[AdcHwUnit_Number],ARCH
T2MC-27447,ADC_REGISTER_BASE_[AdcHwUnit_Number]_CH[LogicalChannelId],ARCH
T2MC-27448,ADC_SAMPLE_DIAG_MUX,ARCH
T2MC-27656,Adc_DmaSetChannelInterruptMask.FUNC,ARCH
T2MC-27659,ADC_MASK_ESAR_INTR,ARCH
T2MC-27660,ADC_DEFAULT_MMIO_SAR_TR_IN_SEL,ARCH
T2MC-27661,ADC_REG_OFFSET_24BIT,ARCH
T2MC-27663,ADC_REG_OFFSET_8BIT,ARCH
T2MC-27952,ADC_SAMPLE_CYCLE_MAX,ARCH
T2MC-28147,Adc_DmaClearChannelInterruptFlags.FUNC,ARCH
T2MC-28149,Adc_DmaGetChannelStatusFlags.FUNC,ARCH
T2MC-28164,AdcGenericTriggerSelect.CONF,ARCH
T2MC-28165,ADC_REGISTER_BASE_DW[DmaUnit],ARCH
T2MC-28166,ADC_REGISTER_BASE_DW[DmaUnit]_CH[DmaChannelId],ARCH
T2MC-28167,ADC_INVALID_GRPID,ARCH
T2MC-28168,ADC_CFG[AdcConfigSet_Index]_GROUPID_LOCATION,ARCH
T2MC-28169,ADC_INDEX_INTERRUPT_COUNT,ARCH
T2MC-28171,ADC_INDEX_INTERRUPT_[InterruptVectorNumber],ARCH
T2MC-28172,Adc_DwChStructChCtlType,ARCH
T2MC-28173,Adc_DwChStructChIdxType,ARCH
T2MC-28174,Adc_DwChStructChStatusType,ARCH
T2MC-28175,Adc_DwCrcCtlType,ARCH
T2MC-28176,Adc_DwCrcDataCtlType,ARCH
T2MC-28177,Adc_DwCtlType,ARCH
T2MC-28178,Adc_DwDescriptorControlType,ARCH
T2MC-28179,Adc_DwDescriptorTwoDType,ARCH
T2MC-28180,Adc_DwDescriptorXYControlType,ARCH
T2MC-28181,Adc_DwEccCtlType,ARCH
T2MC-28182,Adc_DwStatusType,ARCH
T2MC-28183,Adc_EsarAnaCalAltType,ARCH
T2MC-28184,Adc_EsarAnaCalType,ARCH
T2MC-28185,Adc_EsarAvgStatType,ARCH
T2MC-28186,Adc_EsarCalUpdCmdType,ARCH
T2MC-28187,Adc_EsarChStructEnableType,ARCH
T2MC-28188,Adc_EsarChStructGrpStatType,ARCH
T2MC-28189,Adc_EsarChStructIntrMaskedType,ARCH
T2MC-28190,Adc_EsarChStructIntrMaskType,ARCH
T2MC-28191,Adc_EsarChStructIntrSetType,ARCH
T2MC-28192,Adc_EsarChStructIntrType,ARCH
T2MC-28193,Adc_EsarChStructPostCtlType,ARCH
T2MC-28194,Adc_EsarChStructRangeCtlType,ARCH
T2MC-28195,Adc_EsarChStructResultType,ARCH
T2MC-28196,Adc_EsarChStructSampleCtlType,ARCH
T2MC-28197,Adc_EsarChStructTrCmdType,ARCH
T2MC-28198,Adc_EsarChStructTrCtlType,ARCH
T2MC-28199,Adc_EsarChStructWorkType,ARCH
T2MC-28200,Adc_EsarCtlType,ARCH
T2MC-28201,Adc_EsarDiagCtlType,ARCH
T2MC-28202,Adc_EsarDigCalAltType,ARCH
T2MC-28203,Adc_EsarDigCalType,ARCH
T2MC-28204,Adc_EsarPrecondCtlType,ARCH
T2MC-28205,Adc_EsarStatusType,ARCH
T2MC-28283,McalArchitecture.DIAG,ARCH
T2MC-28284,SoftwareArchitecture.DIAG,ARCH
T2MC-28285,Dem_ReportErrorStatus.DIAG,ARCH
T2MC-28286,Det_ReportError.DIAG,ARCH
T2MC-28287,EcuM_Init.DIAG,ARCH
T2MC-28288,ErrorCallout.DIAG,ARCH
T2MC-28289,Notification.DIAG,ARCH
T2MC-28292,SchM_CriticalSection.DIAG,ARCH
T2MC-28293,SchM_MainFunction.DIAG,ARCH
T2MC-28296,McalInteractionsAdcGpt.DIAG,ARCH
T2MC-28297,McalInteractionsAdcMcu.DIAG,ARCH
T2MC-28298,McalInteractionsAdcOcu.DIAG,ARCH
T2MC-28299,McalInteractionsAdcPort.DIAG,ARCH
T2MC-28300,McalInteractionsAdcPwm.DIAG,ARCH
T2MC-28398,Adc_SetTriggerFlag.FUNC,ARCH
T2MC-28470,ADC_SAMPLE_DIAG_MUX.CONF,ARCH
T2MC-29105,Adc_GetEnablePower.FUNC,ARCH
T2MC-29106,Adc_SetEnablePower.FUNC,ARCH
T2MC-29171,Adc_SetupPassControl.FUNC,ARCH
T2MC-29222,AdcSupplyMonitorEnabledA.CONF,ARCH
T2MC-29224,AdcSupplyMonitorEnabledB.CONF,ARCH
T2MC-29225,AdcSupplyMonitorLevelA.CONF,ARCH
T2MC-29226,AdcSupplyMonitorLevelB.CONF,ARCH
T2MC-29306,ADC_SUPP_VREFH.CONF,ARCH
T2MC-29307,ADC_SUPP_VREFL.CONF,ARCH
T2MC-29352,ADC_PIN_VREFL,ARCH
T2MC-29353,ADC_PIN_VREFH,ARCH
T2MC-33516,ADC_MASK_PHYSICAL_CHANNEL,ARCH
T2MC-33580,ADC_OUT0_SEL,ARCH
T2MC-33581,ADC_OUT1_SEL,ARCH
T2MC-33582,ADC_INVALID_SEL,ARCH
T2MC-33583,Adc_DmaDescriptorType,ARCH
T2MC-33584,ADC_OUTSEL_START_OF_RANGVIO,ARCH
T2MC-33585,ADC_DW_CHCTL_INIT_VALUE,ARCH
T2MC-33586,ADC_DW_CHCTL_ENABLED_BIT,ARCH
T2MC-33587,ADC_DW_CHSTATUS_INTRCASE_MASK,ARCH
T2MC-33588,ADC_DW_INTRCASE_NO_INTR,ARCH
T2MC-33589,ADC_DW_INTRCASE_COMPLETION,ARCH
T2MC-33590,ADC_DW_CHINTR_CH_BIT,ARCH
T2MC-33591,ADC_DW_DESCRCTL_START1D_VALUE,ARCH
T2MC-33592,ADC_DW_DESCRCTL_START2D_VALUE,ARCH
T2MC-33593,ADC_DW_ESAR_CH_STRUCT_SIZE,ARCH
T2MC-33594,Adc_DwDescriptorOneDType,ARCH
T2MC-33595,Adc_EpassMmioSarTrOutSelType,ARCH
T2MC-33597,ADC_E_HARDWARE_ERROR,ARCH
T2MC-33598,ADC_DMA[DmaUnit]_CHANNEL_MAX_COUNT,ARCH
T2MC-33599,ADC_INT_DONE,ARCH
T2MC-33600,ADC_INT_NO,ARCH
T2MC-33601,ADC_INT_ERROR,ARCH
T2MC-33602,ADC_E_CONVERSION_ERROR,ARCH
T2MC-33603,ADC_E_HARDWARE_ERROR_FOR_CALLOUT,ARCH
T2MC-33635,[Input_trigger_signal_name_for_DW_channel].CONF,ARCH
T2MC-33636,ADC_OUT0_SEL.CONF,ARCH
T2MC-33637,ADC_OUT1_SEL.CONF,ARCH
T2MC-33638,AdcDemEventParameterRefs.CONF,ARCH
T2MC-33639,AdcUseDmaChannel.CONF,ARCH
T2MC-33640,AdcUseGenericTriggerOutput.CONF,ARCH
T2MC-33791,ADC_E_HARDWARE_ERROR.CONF,ARCH
T2MC-34027,Adc_GetPassMmioRegAddr.FUNC,ARCH
T2MC-35846,Adc_ExternalInclude,ARCH
T2MC-38149,ADC_PRIORITY_HW_SW.CONF,ARCH
T2MC-38150,ADC_PRIORITY_NONE.CONF,ARCH
T2MC-39173,ADC_CHANNEL_DONE_TRIGGER.CONF,ARCH
T2MC-39174,ADC_GENERIC_TRIGGER.CONF,ARCH
T2MC-39175,AdcDmaOutputTriggerSelect.CONF,ARCH
T2MC-41783,AdcCalibrationApi.CONF,ARCH
T2MC-41784,AdcUseAlternateCalibration.CONF,ARCH
T2MC-41785,ADC_CALIBRATION_API,ARCH
T2MC-41786,Adc_GetHwUnitConfig.FUNC,ARCH
T2MC-41787,Adc_ChangeCalibrationChannelInternal.FUNC,ARCH
T2MC-41788,Adc_GetCalibrationAlternateInternal.FUNC,ARCH
T2MC-41789,Adc_GetCalibrationInternal.FUNC,ARCH
T2MC-41790,Adc_SetCalibrationValueInternal.FUNC,ARCH
T2MC-41791,ADC_AGAIN_MAX,ARCH
T2MC-41792,ADC_AGAIN_MIN,ARCH
T2MC-41795,Adc_GainValueType,ARCH
T2MC-41796,Adc_OffsetValueType,ARCH
T2MC-41807,Adc_SetupAnalogCalibrationAlternateRegister.FUNC,ARCH
T2MC-41808,Adc_GetCalibrationAlternateRegister.FUNC,ARCH
T2MC-41809,Adc_SetupCalibrationUpdateRegister.FUNC,ARCH
T2MC-41810,Adc_GetCalibrationRegister.FUNC,ARCH
T2MC-41811,Adc_ChangeSamplingSignalRegister.FUNC,ARCH
T2MC-41812,ADC_BIT_POSITION_HALFLSB,ARCH
T2MC-41813,ADC_ANA_CAL_AGAIN_MASK,ARCH
T2MC-41814,ADC_ANA_CAL_AGAIN_MSB_EXTEND,ARCH
T2MC-41820,Adc_ChangeCalibrationChannel.FUNC,ARCH
T2MC-41821,Adc_GetCalibrationAlternateValue.FUNC,ARCH
T2MC-41822,Adc_GetCalibrationValue.FUNC,ARCH
T2MC-41823,Adc_SetCalibrationValue.FUNC,ARCH
T2MC-41824,ADC_API_CHANGE_CALIBRATION_CHANNEL,ARCH
T2MC-41825,ADC_API_GET_CALIBRATION_ALTERNATE_VALUE,ARCH
T2MC-41826,ADC_API_GET_CALIBRATION_VALUE,ARCH
T2MC-41827,ADC_API_SET_CALIBRATION_VALUE,ARCH
T2MC-41828,ADC_E_PARAM_GAIN,ARCH
T2MC-41830,ADC_E_PARAM_UPDATE,ARCH
T2MC-41836,Adc_ChangeCalibrationChannel.DIAG,ARCH
T2MC-41837,Adc_GetCalibrationAlternateValue.DIAG,ARCH
T2MC-41838,Adc_GetCalibrationValue.DIAG,ARCH
T2MC-41839,Adc_SetCalibrationValue.DIAG,ARCH
T2MC-41851,Adc_EnterCriticalSection.FUNC,ARCH
T2MC-41852,Adc_ExitCriticalSection.FUNC,ARCH
T2MC-41897,Adc_SignalType,ARCH
T2MC-43035,ADC_E_PARAM_SIGNAL,ARCH
T2MC-66819,ADC_POS_PHYSICAL_PORT,ARCH
T2MC-67121,AdcSarMux1ConnectToAdc0.CONF,ARCH
T2MC-67122,AdcSarMux1DiagnoseEnable.CONF,ARCH
T2MC-67123,AdcSarMux1DiagnosticReference.CONF,ARCH
T2MC-67124,AdcSarMux2ConnectToAdc0.CONF,ARCH
T2MC-67125,AdcSarMux2DiagnoseEnable.CONF,ARCH
T2MC-67126,AdcSarMux2DiagnosticReference.CONF,ARCH
T2MC-67127,AdcSarMux3ConnectToAdc0.CONF,ARCH
T2MC-67128,AdcSarMux3DiagnoseEnable.CONF,ARCH
T2MC-67129,AdcSarMux3DiagnosticReference.CONF,ARCH
T2MC-67222,[SarMux1_Diagnostic_Reference_Name].CONF,ARCH
T2MC-67223,[SarMux2_Diagnostic_Reference_Name].CONF,ARCH
T2MC-67224,[SarMux3_Diagnostic_Reference_Name].CONF,ARCH
T2MC-67270,Adc_SarMuxType,ARCH
T2MC-26368,Adc_Cfg.h.DIAG,DSGN
T2MC-26369,Generate_AdcChannel_symbolic_name.DIAG,DSGN
T2MC-26370,Generate_AdcGroup_symbolic_name.DIAG,DSGN
T2MC-26371,Generate_AdcHwUnit_symbolic_name.DIAG,DSGN
T2MC-26372,Generate_AdcPowerStateConfig_symbolic_name.DIAG,DSGN
T2MC-26394,Adc_PBcfg.c.DIAG,DSGN
T2MC-26404,Adc_PBcfg.h.DIAG,DSGN
T2MC-26405,Generate_AdcConfigSet_symbolic_name.DIAG,DSGN
T2MC-26507,Adc_Irq.c.DIAG,DSGN
T2MC-26508,Adc_Irq.h.DIAG,DSGN
T2MC-26606,Adc_Irq,DSGN
T2MC-26607,Adc_IsrConversionDone_[Adc_Irq_number]_Cat1.FUNC,DSGN
T2MC-26608,Adc_IsrConversionDone_[Adc_Irq_number]_Cat2.FUNC,DSGN
T2MC-26609,Adc_DmaDone_[Dma_Irq_number]_Cat1.FUNC,DSGN
T2MC-26610,Adc_DmaDone_[Dma_Irq_number]_Cat2.FUNC,DSGN
T2MC-26611,Adc_[AdcConfigSet_Name]_ChannelConfigs[ADC_CFG[AdcConfigSet_Index]_CHANNEL_COUNT],DSGN
T2MC-26612,Adc_[AdcConfigSet_Name]_Dma[DmaUnit]ChannelConfigs[ADC_CFG[AdcConfigSet_Index]_DMA[DmaUnit]_CHANNEL_COUNT],DSGN
T2MC-26613,Adc_[AdcConfigSet_Name]_DmaConfigs[ADC_CFG[AdcConfigSet_Index]_DMA_HWUNIT_COUNT],DSGN
T2MC-26614,Adc_[AdcConfigSet_Name]_GroupConfigs[ADC_CFG[AdcConfigSet_Index]_GROUP_COUNT],DSGN
T2MC-26615,Adc_GroupStatusList[ADC_GROUP_MAX_COUNT],DSGN
T2MC-26616,Adc_[AdcConfigSet_Name]_HwUnitConfigs[ADC_CFG[AdcConfigSet_Index]_HWUNIT_COUNT],DSGN
T2MC-26617,Adc_NotificationEnableSettings[ADC_GROUP_MAX_COUNT],DSGN
T2MC-26618,Adc_StreamInfos[ADC_GROUP_MAX_COUNT],DSGN
T2MC-26619,Adc_Config[ADC_CONFIG_SET_COUNT],DSGN
T2MC-26620,AdcIrqDetails.DIAG,DSGN
T2MC-26621,Adc_DmaDone_Internal.DIAG,DSGN
T2MC-26622,Adc_DmaDone_[Dma_Irq_number]_Cat2.DIAG,DSGN
T2MC-26623,Adc_IsrConversionDone_Internal.DIAG,DSGN
T2MC-26624,Adc_IsrConversionDone_[Adc_Irq_number]_Cat2.DIAG,DSGN
T2MC-26626,Adc_ChangeSamplingTimeInternal.FUNC,DSGN
T2MC-26627,Adc_CheckTriggersAndResetStream.FUNC,DSGN
T2MC-26628,Adc_DeInitHw.FUNC,DSGN
T2MC-26629,Adc_DeInitHw_Channel.FUNC,DSGN
T2MC-26630,Adc_DeInitHw_Group.FUNC,DSGN
T2MC-26631,Adc_GetCurrentPowerStateInternal.FUNC,DSGN
T2MC-26632,Adc_GetGroupStatusInternal.FUNC,DSGN
T2MC-26633,Adc_GetStreamCurrentPointer.FUNC,DSGN
T2MC-26634,Adc_GetStreamLastPointerInternal.FUNC,DSGN
T2MC-26635,Adc_GetStreamStatus.FUNC,DSGN
T2MC-26636,Adc_GetStreamValidSamples.FUNC,DSGN
T2MC-26637,Adc_GetTargetPowerStateInternal.FUNC,DSGN
T2MC-26640,Adc_IsAllTriggerEnabled.FUNC,DSGN
T2MC-26641,Adc_InitHw.FUNC,DSGN
T2MC-26642,Adc_IsrGroupConversionFinished.FUNC,DSGN
T2MC-26643,Adc_InitHw_Channel.FUNC,DSGN
T2MC-26644,Adc_IsSwTriggerEnabled.FUNC,DSGN
T2MC-26645,Adc_InitHw_Group.FUNC,DSGN
T2MC-26646,Adc_InitResultBuffer.FUNC,DSGN
T2MC-26647,Adc_IsHwTriggerEnabled.FUNC,DSGN
T2MC-26648,Adc_IsInterruptPending.FUNC,DSGN
T2MC-26649,Adc_PushStream.FUNC,DSGN
T2MC-26650,Adc_ReactionAfterGroupConversionDone.FUNC,DSGN
T2MC-26652,Adc_ReadGroupInternal.FUNC,DSGN
T2MC-26653,Adc_SetChannelEnable.FUNC,DSGN
T2MC-26654,Adc_SetCurrentPowerStateInternal.FUNC,DSGN
T2MC-26655,Adc_SetGroupNotification.FUNC,DSGN
T2MC-26656,Adc_SetSwTrigger.FUNC,DSGN
T2MC-26657,Adc_SetTargetPowerStateInternal.FUNC,DSGN
T2MC-26658,Adc_ReadGroupFromRegister.FUNC,DSGN
T2MC-26659,Adc_ReadGroupFromResultBuffer.FUNC,DSGN
T2MC-26660,Adc_ClearChannelInterrupt.FUNC,DSGN
T2MC-26661,Adc_ClearChannelInterruptByBaseAddr.FUNC,DSGN
T2MC-26665,Adc_Regs,DSGN
T2MC-26666,Adc_ChangeSamplingTimeRegister.FUNC,DSGN
T2MC-26667,Adc_ClearChannelInterruptFlags.FUNC,DSGN
T2MC-26669,Adc_EnableChannelRegister.FUNC,DSGN
T2MC-26670,Adc_EnableGroupChannelsRegister.FUNC,DSGN
T2MC-26671,Adc_GetConversionStatusFlags.FUNC,DSGN
T2MC-26672,Adc_GetEnablePower.FUNC,DSGN
T2MC-26673,Adc_SetIntrMaskRegister.FUNC,DSGN
T2MC-26674,Adc_SetTriggerFlag.FUNC,DSGN
T2MC-26675,Adc_SetupChannelPostRegister.FUNC,DSGN
T2MC-26676,Adc_SetupChannelRangeRegister.FUNC,DSGN
T2MC-26677,Adc_SetupChannelSampleRegister.FUNC,DSGN
T2MC-26678,Adc_SetupChannelTriggerRegister.FUNC,DSGN
T2MC-26679,Adc_SetupGlobalControlRegister.FUNC,DSGN
T2MC-26680,Adc_SetupGlobalDiagRegister.FUNC,DSGN
T2MC-26681,Adc_SetupGlobalPrecondRegister.FUNC,DSGN
T2MC-26682,Adc_GetConversionValue.FUNC,DSGN
T2MC-26683,Adc_InitConfigurationRegisters.FUNC,DSGN
T2MC-26684,Adc_DeInitConfigurationRegisters.FUNC,DSGN
T2MC-26687,Adc_SetEnablePower.FUNC,DSGN
T2MC-26688,Adc_SetupGenericInputTriggerSelect.FUNC,DSGN
T2MC-26690,AdcInternalDetails.DIAG,DSGN
T2MC-26692,Adc_ChangeSamplingTimeInternal.DIAG,DSGN
T2MC-26693,Adc_CheckTriggersAndResetStream.DIAG,DSGN
T2MC-26694,Adc_ClearChannelInterrupt.DIAG,DSGN
T2MC-26695,Adc_ClearChannelInterruptByBaseAddr.DIAG,DSGN
T2MC-26696,Adc_DeInitHw.DIAG,DSGN
T2MC-26697,Adc_DeInitHw_Channel.DIAG,DSGN
T2MC-26698,Adc_DeInitHw_Group.DIAG,DSGN
T2MC-26699,Adc_GetCurrentPowerStateInternal.DIAG,DSGN
T2MC-26700,Adc_GetGroupStatusInternal.DIAG,DSGN
T2MC-26701,Adc_GetStreamCurrentPointer.DIAG,DSGN
T2MC-26702,Adc_GetStreamLastPointerInternal.DIAG,DSGN
T2MC-26703,Adc_GetStreamStatus.DIAG,DSGN
T2MC-26704,Adc_GetStreamValidSamples.DIAG,DSGN
T2MC-26705,Adc_GetTargetPowerStateInternal.DIAG,DSGN
T2MC-26708,Adc_InitHw.DIAG,DSGN
T2MC-26709,Adc_InitHw_Channel.DIAG,DSGN
T2MC-26710,Adc_InitHw_Group.DIAG,DSGN
T2MC-26711,Adc_InitResultBuffer.DIAG,DSGN
T2MC-26712,Adc_IsAllTriggerEnabled.DIAG,DSGN
T2MC-26713,Adc_IsHwTriggerEnabled.DIAG,DSGN
T2MC-26715,Adc_IsInterruptPending.DIAG,DSGN
T2MC-26716,Adc_IsrGroupConversionFinished.DIAG,DSGN
T2MC-26717,Adc_IsSwTriggerEnabled.DIAG,DSGN
T2MC-26718,Adc_PushStream.DIAG,DSGN
T2MC-26719,Adc_ReactionAfterGroupConversionDone.DIAG,DSGN
T2MC-26720,Adc_ReadGroupFromRegister.DIAG,DSGN
T2MC-26721,Adc_ReadGroupFromResultBuffer.DIAG,DSGN
T2MC-26722,Adc_ReadGroupInternal.DIAG,DSGN
T2MC-26723,Adc_SetChannelEnable.DIAG,DSGN
T2MC-26724,Adc_SetCurrentPowerStateInternal.DIAG,DSGN
T2MC-26725,Adc_SetGroupNotification.DIAG,DSGN
T2MC-26726,Adc_SetSwTrigger.DIAG,DSGN
T2MC-26727,Adc_SetTargetPowerStateInternal.DIAG,DSGN
T2MC-26728,AdcRegsDetails.DIAG,DSGN
T2MC-26730,Adc_ChangeSamplingTimeRegister.DIAG,DSGN
T2MC-26732,Adc_ClearChannelInterruptFlags.DIAG,DSGN
T2MC-26734,Adc_DeInitConfigurationRegisters.DIAG,DSGN
T2MC-26735,Adc_EnableChannelRegister.DIAG,DSGN
T2MC-26736,Adc_EnableGroupChannelsRegister.DIAG,DSGN
T2MC-26737,Adc_GetConversionStatusFlags.DIAG,DSGN
T2MC-26738,Adc_GetConversionValue.DIAG,DSGN
T2MC-26739,Adc_GetEnablePower.DIAG,DSGN
T2MC-26741,Adc_InitConfigurationRegisters.DIAG,DSGN
T2MC-26742,Adc_SetEnablePower.DIAG,DSGN
T2MC-26743,Adc_SetIntrMaskRegister.DIAG,DSGN
T2MC-26744,Adc_SetTriggerFlag.DIAG,DSGN
T2MC-26745,Adc_SetupChannelPostRegister.DIAG,DSGN
T2MC-26746,Adc_SetupChannelRangeRegister.DIAG,DSGN
T2MC-26747,Adc_SetupChannelSampleRegister.DIAG,DSGN
T2MC-26748,Adc_SetupChannelTriggerRegister.DIAG,DSGN
T2MC-26749,Adc_SetupGenericInputTriggerSelect.DIAG,DSGN
T2MC-26750,Adc_SetupGlobalControlRegister.DIAG,DSGN
T2MC-26751,Adc_SetupGlobalDiagRegister.DIAG,DSGN
T2MC-26752,Adc_SetupGlobalPrecondRegister.DIAG,DSGN
T2MC-26753,Adc,DSGN
T2MC-26755,Adc_ChangeSamplingTime.FUNC,DSGN
T2MC-26756,Adc_DeInit.FUNC,DSGN
T2MC-26757,Adc_DisableGroupNotification.FUNC,DSGN
T2MC-26758,Adc_DisableHardwareTrigger.FUNC,DSGN
T2MC-26759,Adc_EnableGroupNotification.FUNC,DSGN
T2MC-26760,Adc_EnableHardwareTrigger.FUNC,DSGN
T2MC-26761,Adc_EnterCriticalSection.FUNC,DSGN
T2MC-26762,Adc_ExitCriticalSection.FUNC,DSGN
T2MC-26763,Adc_GetCurrentPowerState.FUNC,DSGN
T2MC-26764,Adc_GetGroupStatus.FUNC,DSGN
T2MC-26765,Adc_GetStreamLastPointer.FUNC,DSGN
T2MC-26766,Adc_GetTargetPowerState.FUNC,DSGN
T2MC-26767,Adc_GetVersionInfo.FUNC,DSGN
T2MC-26768,Adc_Init.FUNC,DSGN
T2MC-26769,Adc_Main_PowerTransitionManager.FUNC,DSGN
T2MC-26770,Adc_PreparePowerState.FUNC,DSGN
T2MC-26771,Adc_ReadGroup.FUNC,DSGN
T2MC-26772,Adc_ReportError.FUNC,DSGN
T2MC-26773,Adc_SetPowerState.FUNC,DSGN
T2MC-26774,Adc_SetupResultBuffer.FUNC,DSGN
T2MC-26775,Adc_StartGroupConversion.FUNC,DSGN
T2MC-26776,Adc_StopGroupConversion.FUNC,DSGN
T2MC-26778,Adc_Data,DSGN
T2MC-26779,Adc_CheckConfigPtr.FUNC,DSGN
T2MC-26780,Adc_CheckParamConfigPtr.FUNC,DSGN
T2MC-26781,Adc_GetChannelConfig.FUNC,DSGN
T2MC-26782,Adc_GetConfig.FUNC,DSGN
T2MC-26783,Adc_GetGroupConfig.FUNC,DSGN
T2MC-26784,Adc_GetGroupConfigInternal.FUNC,DSGN
T2MC-26785,Adc_GetGroupCount.FUNC,DSGN
T2MC-26788,Adc_SetConfigData.FUNC,DSGN
T2MC-26789,Adc_GetHwUnitConfigInternal.FUNC,DSGN
T2MC-26790,Adc_ConfigDataPtr,DSGN
T2MC-26805,AdcDataDetails.DIAG,DSGN
T2MC-26809,Adc_CheckConfigPtr.DIAG,DSGN
T2MC-26812,Adc_CheckParamConfigPtr.DIAG,DSGN
T2MC-26815,Adc_GetChannelConfig.DIAG,DSGN
T2MC-26818,Adc_GetConfig.DIAG,DSGN
T2MC-26819,Adc_GetGroupConfig.DIAG,DSGN
T2MC-26820,Adc_GetGroupConfigInternal.DIAG,DSGN
T2MC-26821,Adc_GetGroupCount.DIAG,DSGN
T2MC-26823,Adc_GetHwUnitConfigInternal.DIAG,DSGN
T2MC-26825,Adc_SetConfigData.DIAG,DSGN
T2MC-26826,AdcDetails.DIAG,DSGN
T2MC-26828,Adc_ChangeSamplingTime.DIAG,DSGN
T2MC-26829,Adc_DeInit.DIAG,DSGN
T2MC-26830,Adc_DisableGroupNotification.DIAG,DSGN
T2MC-26831,Adc_DisableHardwareTrigger.DIAG,DSGN
T2MC-26832,Adc_EnableGroupNotification.DIAG,DSGN
T2MC-26833,Adc_EnableHardwareTrigger.DIAG,DSGN
T2MC-26834,Adc_EnterCriticalSection.DIAG,DSGN
T2MC-26835,Adc_ExitCriticalSection.DIAG,DSGN
T2MC-26836,Adc_GetCurrentPowerState.DIAG,DSGN
T2MC-26837,Adc_GetGroupStatus.DIAG,DSGN
T2MC-26838,Adc_GetStreamLastPointer.DIAG,DSGN
T2MC-26839,Adc_GetTargetPowerState.DIAG,DSGN
T2MC-26840,Adc_GetVersionInfo.DIAG,DSGN
T2MC-26841,Adc_Init.DIAG,DSGN
T2MC-26842,Adc_PreparePowerState.DIAG,DSGN
T2MC-26843,Adc_ReadGroup.DIAG,DSGN
T2MC-26844,Adc_ReportError.DIAG,DSGN
T2MC-26845,Adc_SetPowerState.DIAG,DSGN
T2MC-26846,Adc_SetupResultBuffer.DIAG,DSGN
T2MC-26847,Adc_StartGroupConversion.DIAG,DSGN
T2MC-26848,Adc_StopGroupConversion.DIAG,DSGN
T2MC-26926,Generate_AdcChannel_configuration.DIAG,DSGN
T2MC-26927,Generate_AdcGroup_configuration.DIAG,DSGN
T2MC-26928,Generate_AdcHwUnit_configuration.DIAG,DSGN
T2MC-26929,Generate_DMA_Channel_configuration.DIAG,DSGN
T2MC-26930,Generate_DMA_configuration.DIAG,DSGN
T2MC-26931,Generate_general_ADC_module_configuration.DIAG,DSGN
T2MC-27315,Adc_[AdcConfigSet_Name]_GroupId_Location[ADC_INDEX_INTERRUPT_COUNT],DSGN
T2MC-27325,AdcPBcfgDetails.DIAG,DSGN
T2MC-27440,Adc_PBcfg,DSGN
T2MC-27449,Adc_Internal,DSGN
T2MC-27674,Adc_Main_PowerTransitionManager.DIAG,DSGN
T2MC-29170,Adc_SetupPassControl.FUNC,DSGN
T2MC-29173,Adc_SetupPassControl.DIAG,DSGN
T2MC-29412,Adc_DmaDone_Internal.FUNC,DSGN
T2MC-29413,Adc_IsrConversionDone_Internal.FUNC,DSGN
T2MC-29414,Adc_DmaDone_[Dma_Irq_number]_Cat1.DIAG,DSGN
T2MC-29415,Adc_IsrConversionDone_[Adc_Irq_number]_Cat1.DIAG,DSGN
T2MC-31367,Adc_TargetPowerState,DSGN
T2MC-33610,Adc_Dma[DmaUnit]Descriptor[ADC_DMA[DmaUnit]_CHANNEL_MAX_COUNT],DSGN
T2MC-33611,Adc_ClearChannelInterruptDmaByBaseAddr.FUNC,DSGN
T2MC-33613,Adc_InitDma.FUNC,DSGN
T2MC-33614,Adc_StartDmaInternal.FUNC,DSGN
T2MC-33615,Adc_SetupSarTrOutSel.FUNC,DSGN
T2MC-33616,Adc_DmaInitChannelRegister.FUNC,DSGN
T2MC-33617,Adc_DmaSetupDescriptor.FUNC,DSGN
T2MC-33618,Adc_DmaStartChannelRegister.FUNC,DSGN
T2MC-33619,Adc_DmaStopChannelRegister.FUNC,DSGN
T2MC-33620,Adc_DmaGetChannelStatusFlags.FUNC,DSGN
T2MC-33621,Adc_DmaClearChannelInterruptFlags.FUNC,DSGN
T2MC-33622,Adc_DmaSetChannelInterruptMask.FUNC,DSGN
T2MC-33623,Adc_DemReportEvent.FUNC,DSGN
T2MC-33832,Adc_DemReportEvent.DIAG,DSGN
T2MC-33851,Adc_DmaClearChannelInterruptFlags.DIAG,DSGN
T2MC-33852,Adc_DmaGetChannelStatusFlags.DIAG,DSGN
T2MC-33853,Adc_DmaInitChannelRegister.DIAG,DSGN
T2MC-33854,Adc_DmaSetChannelInterruptMask.DIAG,DSGN
T2MC-33855,Adc_DmaSetupDescriptor.DIAG,DSGN
T2MC-33856,Adc_DmaStartChannelRegister.DIAG,DSGN
T2MC-33857,Adc_DmaStopChannelRegister.DIAG,DSGN
T2MC-33858,Adc_SetupSarTrOutSel.DIAG,DSGN
T2MC-33908,Adc_ClearChannelInterruptDmaByBaseAddr.DIAG,DSGN
T2MC-33909,Adc_InitDma.DIAG,DSGN
T2MC-33910,Adc_StartDmaInternal.DIAG,DSGN
T2MC-34036,Adc_GetPassMmioRegAddr.FUNC,DSGN
T2MC-34037,Adc_GetPassMmioRegAddr.DIAG,DSGN
T2MC-35852,Adc_ExternalInclude.h.DIAG,DSGN
T2MC-41797,Adc_SetCalibrationValueInternal.FUNC,DSGN
T2MC-41798,Adc_GetCalibrationAlternateInternal.FUNC,DSGN
T2MC-41799,Adc_GetCalibrationInternal.FUNC,DSGN
T2MC-41800,Adc_ChangeCalibrationChannelInternal.FUNC,DSGN
T2MC-41801,Adc_SetupAnalogCalibrationAlternateRegister.FUNC,DSGN
T2MC-41802,Adc_GetCalibrationAlternateRegister.FUNC,DSGN
T2MC-41803,Adc_SetupCalibrationUpdateRegister.FUNC,DSGN
T2MC-41804,Adc_GetCalibrationRegister.FUNC,DSGN
T2MC-41805,Adc_ChangeSamplingSignalRegister.FUNC,DSGN
T2MC-41806,Adc_ClearCalibrationRegisters.FUNC,DSGN
T2MC-41815,Adc_ChangeCalibrationChannel.FUNC,DSGN
T2MC-41816,Adc_SetCalibrationValue.FUNC,DSGN
T2MC-41817,Adc_GetCalibrationAlternateValue.FUNC,DSGN
T2MC-41818,Adc_GetCalibrationValue.FUNC,DSGN
T2MC-41819,Adc_GetHwUnitConfig.FUNC,DSGN
T2MC-41831,Adc_GetHwUnitConfig.DIAG,DSGN
T2MC-41853,Adc_ChangeCalibrationChannelInternal.DIAG,DSGN
T2MC-41854,Adc_GetCalibrationAlternateInternal.DIAG,DSGN
T2MC-41855,Adc_GetCalibrationInternal.DIAG,DSGN
T2MC-41856,Adc_SetCalibrationValueInternal.DIAG,DSGN
T2MC-41857,Adc_ChangeSamplingSignalRegister.DIAG,DSGN
T2MC-41858,Adc_ClearCalibrationRegisters.DIAG,DSGN
T2MC-41859,Adc_GetCalibrationAlternateRegister.DIAG,DSGN
T2MC-41860,Adc_GetCalibrationRegister.DIAG,DSGN
T2MC-41861,Adc_SetupAnalogCalibrationAlternateRegister.DIAG,DSGN
T2MC-41862,Adc_SetupCalibrationUpdateRegister.DIAG,DSGN
T2MC-41867,Adc_ChangeCalibrationChannel.DIAG,DSGN
T2MC-41868,Adc_GetCalibrationAlternateValue.DIAG,DSGN
T2MC-41869,Adc_SetCalibrationValue.DIAG,DSGN
T2MC-41870,Adc_GetCalibrationValue.DIAG,DSGN
T2MC-57023,Adc_Bswmd.arxml.DIAG,DSGN
